mean_hold_time,std_hold_time,min_hold_time,max_hold_time,median_hold_time,hold_time_25th,hold_time_75th,mean_down_down_time,std_down_down_time,min_down_down_time,max_down_down_time,median_down_down_time,down_down_25th,down_down_75th,mean_up_down_time,std_up_down_time,min_up_down_time,max_up_down_time,shift_frequency,backspace_frequency,special_key_frequency,keystrokes_per_second,total_keystrokes,rhythm_consistency,user_id,is_chunk,parent_file
0.10729883511861166,0.03136575006675734,0.061424970626831055,0.187302827835083,0.11240816116333008,0.08573055267333984,0.1239938735961914,0.19248557090759277,0.11239155329551401,0.08357024192810059,0.5382540225982666,0.15698444843292236,0.12932944297790527,0.20695722103118896,0.13593246255602157,0.15975304975043172,0.004812002182006836,0.5704219341278076,0.0,0.0,0.0,10.882206020116872,30,8.889556332936497,alvin,True,alvin_20250319_131646_20250319_131901.json
