mean_hold_time,std_hold_time,min_hold_time,max_hold_time,median_hold_time,hold_time_25th,hold_time_75th,mean_down_down_time,std_down_down_time,min_down_down_time,max_down_down_time,median_down_down_time,down_down_25th,down_down_75th,mean_up_down_time,std_up_down_time,min_up_down_time,max_up_down_time,shift_frequency,backspace_frequency,special_key_frequency,keystrokes_per_second,total_keystrokes,rhythm_consistency,user_id,is_chunk,parent_file
0.11350247065226236,0.031208189431101374,0.059706926345825195,0.16723299026489258,0.1238868236541748,0.08677399158477783,0.13709652423858643,0.1751065765108381,0.05021922374657143,0.08402419090270996,0.2484757900238037,0.161881685256958,0.1353766918182373,0.22290325164794922,0.10743141174316406,0.07761255044919758,0.0030808448791503906,0.2708110809326172,0.0,0.0,0.0,11.946484539813602,30,19.873120559975575,alvin,True,alvin_20250319_131646_20250319_131901.json
