mean_hold_time,std_hold_time,min_hold_time,max_hold_time,median_hold_time,hold_time_25th,hold_time_75th,mean_down_down_time,std_down_down_time,min_down_down_time,max_down_down_time,median_down_down_time,down_down_25th,down_down_75th,mean_up_down_time,std_up_down_time,min_up_down_time,max_up_down_time,shift_frequency,backspace_frequency,special_key_frequency,keystrokes_per_second,total_keystrokes,rhythm_consistency,user_id,is_chunk,parent_file
0.11896998541695732,0.025962104287293033,0.08368897438049316,0.16589617729187012,0.11371994018554688,0.0977441668510437,0.14093416929244995,0.26069464002336773,0.2570201228645117,0.10045909881591797,1.0541479587554932,0.16387903690338135,0.12379932403564453,0.1876840591430664,0.17350323994954428,0.2410608085066266,0.0028171539306640625,0.9503278732299805,0.0,0.0,0.0,7.999813847105151,30,3.8892327401653644,alvin,True,alvin_20250319_131646_20250319_131901.json
