mean_hold_time,std_hold_time,min_hold_time,max_hold_time,median_hold_time,hold_time_25th,hold_time_75th,mean_down_down_time,std_down_down_time,min_down_down_time,max_down_down_time,median_down_down_time,down_down_25th,down_down_75th,mean_up_down_time,std_up_down_time,min_up_down_time,max_up_down_time,shift_frequency,backspace_frequency,special_key_frequency,keystrokes_per_second,total_keystrokes,rhythm_consistency,user_id,is_chunk,parent_file
0.11039360931941442,0.031489799857243594,0.060204267501831055,0.187302827835083,0.10221242904663086,0.0921403169631958,0.1337873339653015,0.27093621662684847,0.24811871833105026,0.08357024192810059,1.0832040309906006,0.19652986526489258,0.16389840841293335,0.22682815790176392,0.2081192175547282,0.2484035416323235,0.005459308624267578,0.9475002288818359,0.0,0.0,0.0,7.371406055597065,30,4.028705033704574,alvin,True,alvin_20250319_131646_20250319_131901.json
