mean_hold_time,std_hold_time,min_hold_time,max_hold_time,median_hold_time,hold_time_25th,hold_time_75th,mean_down_down_time,std_down_down_time,min_down_down_time,max_down_down_time,median_down_down_time,down_down_25th,down_down_75th,mean_up_down_time,std_up_down_time,min_up_down_time,max_up_down_time,shift_frequency,backspace_frequency,special_key_frequency,keystrokes_per_second,total_keystrokes,rhythm_consistency,user_id,is_chunk,parent_file
0.11549110071999687,0.02862237457801381,0.06841802597045898,0.1849062442779541,0.11184155941009521,0.09885722398757935,0.1354181170463562,0.23006648283738357,0.15947355066405666,0.08576798439025879,0.6312968730926514,0.1586148738861084,0.14289498329162598,0.19701910018920898,0.12055848326001849,0.13842265166979276,0.00012493133544921875,0.49082374572753906,0.0,0.0,0.0,9.454175516947835,30,6.26670269501778,alvin,True,alvin_20250319_131646_20250319_131901.json
