mean_hold_time,std_hold_time,min_hold_time,max_hold_time,median_hold_time,hold_time_25th,hold_time_75th,mean_down_down_time,std_down_down_time,min_down_down_time,max_down_down_time,median_down_down_time,down_down_25th,down_down_75th,mean_up_down_time,std_up_down_time,min_up_down_time,max_up_down_time,shift_frequency,backspace_frequency,special_key_frequency,keystrokes_per_second,total_keystrokes,rhythm_consistency,user_id,is_chunk,parent_file
0.10977753571101598,0.02351926743700402,0.0681300163269043,0.1570279598236084,0.105674147605896,0.09546005725860596,0.12049651145935059,0.1995947871889387,0.1291596555651884,0.08576798439025879,0.6312968730926514,0.17419254779815674,0.12062293291091919,0.2065984606742859,0.0951395829518636,0.1158367390282722,0.00012493133544921875,0.49082374572753906,0.0,0.0,0.0,10.591402175768508,30,7.736365965292849,alvin,True,alvin_20250319_131646_20250319_131901.json
