mean_hold_time,std_hold_time,min_hold_time,max_hold_time,median_hold_time,hold_time_25th,hold_time_75th,mean_down_down_time,std_down_down_time,min_down_down_time,max_down_down_time,median_down_down_time,down_down_25th,down_down_75th,mean_up_down_time,std_up_down_time,min_up_down_time,max_up_down_time,shift_frequency,backspace_frequency,special_key_frequency,keystrokes_per_second,total_keystrokes,rhythm_consistency,user_id,is_chunk,parent_file
0.10379845755440849,0.05485870333396477,0.022644996643066406,0.23867225646972656,0.08383750915527344,0.07908082008361816,0.12463968992233276,0.2483294861657279,0.23698312597592092,0.09105515480041504,1.0757198333740234,0.2105855941772461,0.13177841901779175,0.24241191148757935,0.1721633752187093,0.24457451299931304,0.012171030044555664,1.0396599769592285,0.0,0.0,0.0,8.459647608806701,30,4.217929875370228,alvin,True,alvin_20250319_131646_20250319_131901.json
