mean_hold_time,std_hold_time,min_hold_time,max_hold_time,median_hold_time,hold_time_25th,hold_time_75th,mean_down_down_time,std_down_down_time,min_down_down_time,max_down_down_time,median_down_down_time,down_down_25th,down_down_75th,mean_up_down_time,std_up_down_time,min_up_down_time,max_up_down_time,shift_frequency,backspace_frequency,special_key_frequency,keystrokes_per_second,total_keystrokes,rhythm_consistency,user_id,is_chunk,parent_file
0.10567463239034017,0.05086441039018866,0.022644996643066406,0.23867225646972656,0.09984421730041504,0.07987594604492188,0.12758111953735352,0.2779754229954311,0.25918031794056834,0.10486888885498047,1.0757198333740234,0.18166863918304443,0.14806443452835083,0.23728543519973755,0.21165740489959717,0.27051225619136693,0.01181173324584961,1.0396599769592285,0.0,0.0,0.0,7.515971177127108,30,3.8568295809835353,alvin,True,alvin_20250319_131646_20250319_131901.json
