mean_hold_time,std_hold_time,min_hold_time,max_hold_time,median_hold_time,hold_time_25th,hold_time_75th,mean_down_down_time,std_down_down_time,min_down_down_time,max_down_down_time,median_down_down_time,down_down_25th,down_down_75th,mean_up_down_time,std_up_down_time,min_up_down_time,max_up_down_time,shift_frequency,backspace_frequency,special_key_frequency,keystrokes_per_second,total_keystrokes,rhythm_consistency,user_id,is_chunk,parent_file
0.11561508178710937,0.034147579987580445,0.060204267501831055,0.19235515594482422,0.10397100448608398,0.09004950523376465,0.1396728754043579,0.28599584102630615,0.24596484756730058,0.08906912803649902,1.0832040309906006,0.20014703273773193,0.1467791199684143,0.3437696099281311,0.18181616919381277,0.2296578924641017,0.00785684585571289,0.9475002288818359,0.0,0.0,0.0,7.3029788155255115,30,4.063969355584172,alvin,True,alvin_20250319_131646_20250319_131901.json
