mean_hold_time,std_hold_time,min_hold_time,max_hold_time,median_hold_time,hold_time_25th,hold_time_75th,mean_down_down_time,std_down_down_time,min_down_down_time,max_down_down_time,median_down_down_time,down_down_25th,down_down_75th,mean_up_down_time,std_up_down_time,min_up_down_time,max_up_down_time,shift_frequency,backspace_frequency,special_key_frequency,keystrokes_per_second,total_keystrokes,rhythm_consistency,user_id,is_chunk,parent_file
0.11137846537998744,0.02461733735727839,0.07502508163452148,0.14786195755004883,0.10699915885925293,0.08952951431274414,0.13807010650634766,0.18016363893236434,0.0694206873449946,0.09191322326660156,0.3630499839782715,0.15451014041900635,0.1353766918182373,0.21570730209350586,0.08510707219441732,0.08494165714657205,0.0004367828369140625,0.26930975914001465,0.0,0.0,0.0,11.688638792153778,30,14.384207610571025,alvin,True,alvin_20250319_131646_20250319_131901.json
