mean_hold_time,std_hold_time,min_hold_time,max_hold_time,median_hold_time,hold_time_25th,hold_time_75th,mean_down_down_time,std_down_down_time,min_down_down_time,max_down_down_time,median_down_down_time,down_down_25th,down_down_75th,mean_up_down_time,std_up_down_time,min_up_down_time,max_up_down_time,shift_frequency,backspace_frequency,special_key_frequency,keystrokes_per_second,total_keystrokes,rhythm_consistency,user_id,is_chunk,parent_file
0.10792492117200579,0.026323875579025355,0.05926203727722168,0.13997983932495117,0.11101758480072021,0.08645230531692505,0.13199567794799805,0.19945106506347657,0.0947572693532693,0.09819889068603516,0.46001362800598145,0.173630952835083,0.1341874599456787,0.23522961139678955,0.11678996086120605,0.07750901557619602,0.022485017776489258,0.3200337886810303,0.0,0.0,0.0,10.02752228654927,30,10.542154616277013,alvin,True,alvin_20250319_131646_20250319_131901.json
