mean_hold_time,std_hold_time,min_hold_time,max_hold_time,median_hold_time,hold_time_25th,hold_time_75th,mean_down_down_time,std_down_down_time,min_down_down_time,max_down_down_time,median_down_down_time,down_down_25th,down_down_75th,mean_up_down_time,std_up_down_time,min_up_down_time,max_up_down_time,shift_frequency,backspace_frequency,special_key_frequency,keystrokes_per_second,total_keystrokes,rhythm_consistency,user_id,is_chunk,parent_file
0.10839080810546875,0.03018018488993537,0.05926203727722168,0.1849062442779541,0.10472357273101807,0.09579026699066162,0.11578905582427979,0.2010516439165388,0.11202438013632732,0.08191275596618652,0.44939708709716797,0.1525024175643921,0.1362096071243286,0.2063770890235901,0.1113318920135498,0.09005397407584316,0.018704891204833984,0.3331429958343506,0.0,0.0,0.0,10.488238720417591,30,8.918666919577545,alvin,True,alvin_20250319_131646_20250319_131901.json
