mean_hold_time,std_hold_time,min_hold_time,max_hold_time,median_hold_time,hold_time_25th,hold_time_75th,mean_down_down_time,std_down_down_time,min_down_down_time,max_down_down_time,median_down_down_time,down_down_25th,down_down_75th,mean_up_down_time,std_up_down_time,min_up_down_time,max_up_down_time,shift_frequency,backspace_frequency,special_key_frequency,keystrokes_per_second,total_keystrokes,rhythm_consistency,user_id,is_chunk,parent_file
0.11775137583414713,0.023268923069301645,0.08318805694580078,0.16106104850769043,0.11059308052062988,0.09987199306488037,0.136834979057312,0.1719836507524763,0.08038486093288175,0.10045909881591797,0.4072690010070801,0.14324259757995605,0.12062704563140869,0.178927481174469,0.07657694816589355,0.07464635130445865,0.0028171539306640625,0.26717185974121094,0.0,0.0,0.0,12.0150919700945,30,12.424696873539036,alvin,True,alvin_20250319_131646_20250319_131901.json
