mean_hold_time,std_hold_time,min_hold_time,max_hold_time,median_hold_time,hold_time_25th,hold_time_75th,mean_down_down_time,std_down_down_time,min_down_down_time,max_down_down_time,median_down_down_time,down_down_25th,down_down_75th,mean_up_down_time,std_up_down_time,min_up_down_time,max_up_down_time,shift_frequency,backspace_frequency,special_key_frequency,keystrokes_per_second,total_keystrokes,rhythm_consistency,user_id,is_chunk,parent_file
0.11215556462605794,0.02609060685932667,0.07502508163452148,0.16589617729187012,0.10662412643432617,0.09323394298553467,0.13084709644317627,0.283342787197658,0.2530686254855395,0.09191322326660156,1.0541479587554932,0.17205047607421875,0.14495545625686646,0.3075679540634155,0.18583919320787703,0.24913351805575923,0.0004367828369140625,0.9503278732299805,0.0,0.0,0.0,7.393627791726576,30,3.949936521882006,alvin,True,alvin_20250319_131646_20250319_131901.json
