mean_hold_time,std_hold_time,min_hold_time,max_hold_time,median_hold_time,hold_time_25th,hold_time_75th,mean_down_down_time,std_down_down_time,min_down_down_time,max_down_down_time,median_down_down_time,down_down_25th,down_down_75th,mean_up_down_time,std_up_down_time,min_up_down_time,max_up_down_time,shift_frequency,backspace_frequency,special_key_frequency,keystrokes_per_second,total_keystrokes,rhythm_consistency,user_id,is_chunk,parent_file
0.11021930830819267,0.032653426690251904,0.059706926345825195,0.16723299026489258,0.12245404720306396,0.07396882772445679,0.13285744190216064,0.21355106149400985,0.08799653218117576,0.09819889068603516,0.46001362800598145,0.1954805850982666,0.1530592441558838,0.24934649467468262,0.13453027180262975,0.07791608780736915,0.022485017776489258,0.3200337886810303,0.0,0.0,0.0,10.034401739170239,30,11.351184606715739,alvin,True,alvin_20250319_131646_20250319_131901.json
