mean_hold_time,std_hold_time,min_hold_time,max_hold_time,median_hold_time,hold_time_25th,hold_time_75th,mean_down_down_time,std_down_down_time,min_down_down_time,max_down_down_time,median_down_down_time,down_down_25th,down_down_75th,mean_up_down_time,std_up_down_time,min_up_down_time,max_up_down_time,shift_frequency,backspace_frequency,special_key_frequency,keystrokes_per_second,total_keystrokes,rhythm_consistency,user_id,is_chunk,parent_file
0.10797789891560873,0.029390109012419643,0.0681300163269043,0.18304109573364258,0.09948992729187012,0.08913850784301758,0.11857759952545166,0.17451327187674387,0.05579874417038719,0.09105515480041504,0.2646498680114746,0.16176605224609375,0.12667739391326904,0.233237624168396,0.07507915156228202,0.04733885019371254,0.0006151199340820312,0.16042280197143555,0.0,0.0,0.0,11.871616947613564,30,17.889489555469442,alvin,True,alvin_20250319_131646_20250319_131901.json
