mean_hold_time,std_hold_time,min_hold_time,max_hold_time,median_hold_time,hold_time_25th,hold_time_75th,mean_down_down_time,std_down_down_time,min_down_down_time,max_down_down_time,median_down_down_time,down_down_25th,down_down_75th,mean_up_down_time,std_up_down_time,min_up_down_time,max_up_down_time,shift_frequency,backspace_frequency,special_key_frequency,keystrokes_per_second,total_keystrokes,rhythm_consistency,user_id
0.11054666781089675,0.03246038928471105,0.022644996643066406,0.23867225646972656,0.10621809959411621,0.0868988037109375,0.1330336332321167,0.2160818356994196,0.16518449508742164,0.08191275596618652,1.0832040309906006,0.16718697547912598,0.13375592231750488,0.23083877563476562,0.13017083059811424,0.16590230385232826,0.00012493133544921875,1.0396599769592285,0.0,0.0,0.0,9.297137139403468,284,6.050174273582551,alvin
