mean_hold_time,std_hold_time,min_hold_time,max_hold_time,median_hold_time,hold_time_25th,hold_time_75th,mean_down_down_time,std_down_down_time,min_down_down_time,max_down_down_time,median_down_down_time,down_down_25th,down_down_75th,mean_up_down_time,std_up_down_time,min_up_down_time,max_up_down_time,shift_frequency,backspace_frequency,special_key_frequency,keystrokes_per_second,total_keystrokes,rhythm_consistency,user_id,is_chunk,parent_file
0.12217751571110316,0.03249917162850321,0.08008098602294922,0.19235515594482422,0.11490607261657715,0.09905469417572021,0.14198648929595947,0.18757121903555735,0.1024925734848294,0.09991288185119629,0.46300220489501953,0.1512829065322876,0.1183086633682251,0.19860726594924927,0.12442757288614908,0.14405215013683034,0.00785684585571289,0.5679800510406494,0.0,0.0,0.0,9.39267843694526,30,9.74729423419593,alvin,True,alvin_20250319_131646_20250319_131901.json
