mean_hold_time,std_hold_time,min_hold_time,max_hold_time,median_hold_time,hold_time_25th,hold_time_75th,mean_down_down_time,std_down_down_time,min_down_down_time,max_down_down_time,median_down_down_time,down_down_25th,down_down_75th,mean_up_down_time,std_up_down_time,min_up_down_time,max_up_down_time,shift_frequency,backspace_frequency,special_key_frequency,keystrokes_per_second,total_keystrokes,rhythm_consistency,user_id,is_chunk,parent_file
0.07648832457406181,0.014223810256165868,0.05564117431640625,0.11133384704589844,0.07319891452789307,0.06630104780197144,0.08339554071426392,0.23081886768341064,0.20767874503496217,0.09088587760925293,0.7377979755401611,0.15028798580169678,0.10689091682434082,0.1976710557937622,0.15266396204630533,0.19795105938682706,0.019875049591064453,0.664665937423706,0.0,0.0,0.0,8.92645677558491,30,4.8128118197640175,kashmira,True,kashmira_20250319_101105_20250319_101423.json
