mean_hold_time,std_hold_time,min_hold_time,max_hold_time,median_hold_time,hold_time_25th,hold_time_75th,mean_down_down_time,std_down_down_time,min_down_down_time,max_down_down_time,median_down_down_time,down_down_25th,down_down_75th,mean_up_down_time,std_up_down_time,min_up_down_time,max_up_down_time,shift_frequency,backspace_frequency,special_key_frequency,keystrokes_per_second,total_keystrokes,rhythm_consistency,user_id,is_chunk,parent_file
0.08852972303118024,0.029669010195745325,0.05166006088256836,0.16283011436462402,0.08135557174682617,0.06542032957077026,0.11070841550827026,0.1719952310834612,0.1126942495292987,0.0926520824432373,0.47162580490112305,0.12688350677490234,0.10680323839187622,0.17075258493423462,0.1274763266245524,0.13833497401383732,5.91278076171875e-05,0.43364500999450684,0.0,0.0,0.0,11.283404554176414,30,8.865700194585244,kashmira,True,kashmira_20250319_101105_20250319_101423.json
