mean_hold_time,std_hold_time,min_hold_time,max_hold_time,median_hold_time,hold_time_25th,hold_time_75th,mean_down_down_time,std_down_down_time,min_down_down_time,max_down_down_time,median_down_down_time,down_down_25th,down_down_75th,mean_up_down_time,std_up_down_time,min_up_down_time,max_up_down_time,shift_frequency,backspace_frequency,special_key_frequency,keystrokes_per_second,total_keystrokes,rhythm_consistency,user_id,is_chunk,parent_file
0.08631219863891601,0.024591276381008848,0.05614423751831055,0.15542101860046387,0.08146286010742188,0.06980490684509277,0.09389007091522217,0.14369266373770578,0.05425842425459736,0.06739306449890137,0.24288487434387207,0.13620591163635254,0.10202354192733765,0.1735660433769226,0.10279130935668945,0.04822845892969756,0.007349967956542969,0.1710190773010254,0.0,0.0,0.0,14.174563852840796,30,18.396412583932197,kashmira,True,kashmira_20250319_101105_20250319_101423.json
