mean_hold_time,std_hold_time,min_hold_time,max_hold_time,median_hold_time,hold_time_25th,hold_time_75th,mean_down_down_time,std_down_down_time,min_down_down_time,max_down_down_time,median_down_down_time,down_down_25th,down_down_75th,mean_up_down_time,std_up_down_time,min_up_down_time,max_up_down_time,shift_frequency,backspace_frequency,special_key_frequency,keystrokes_per_second,total_keystrokes,rhythm_consistency,user_id,is_chunk,parent_file
0.07723895141056605,0.010750882334286265,0.05602407455444336,0.10047674179077148,0.07538747787475586,0.07115232944488525,0.08291769027709961,0.23617405550820486,0.22891105374139495,0.08854413032531738,0.8690998554229736,0.1381230354309082,0.10489755868911743,0.17100411653518677,0.15136197408040364,0.22092897655831342,0.011879205703735352,0.8006229400634766,0.0,0.0,0.0,8.950481645693742,30,4.366601452911636,kashmira,True,kashmira_20250319_101105_20250319_101423.json
