mean_hold_time,std_hold_time,min_hold_time,max_hold_time,median_hold_time,hold_time_25th,hold_time_75th,mean_down_down_time,std_down_down_time,min_down_down_time,max_down_down_time,median_down_down_time,down_down_25th,down_down_75th,mean_up_down_time,std_up_down_time,min_up_down_time,max_up_down_time,shift_frequency,backspace_frequency,special_key_frequency,keystrokes_per_second,total_keystrokes,rhythm_consistency,user_id,is_chunk,parent_file
0.07442023072923933,0.013459989660645297,0.05604290962219238,0.09942770004272461,0.07276761531829834,0.06166321039199829,0.08253180980682373,0.18325115953172957,0.11104578835385824,0.09864211082458496,0.4177830219268799,0.11932504177093506,0.10811722278594971,0.22348558902740479,0.12707025210062664,0.1273954514306915,0.003325223922729492,0.38242077827453613,0.0,0.0,0.0,10.176608211350132,30,8.997192019694614,kashmira,True,kashmira_20250319_101105_20250319_101423.json
