mean_hold_time,std_hold_time,min_hold_time,max_hold_time,median_hold_time,hold_time_25th,hold_time_75th,mean_down_down_time,std_down_down_time,min_down_down_time,max_down_down_time,median_down_down_time,down_down_25th,down_down_75th,mean_up_down_time,std_up_down_time,min_up_down_time,max_up_down_time,shift_frequency,backspace_frequency,special_key_frequency,keystrokes_per_second,total_keystrokes,rhythm_consistency,user_id,is_chunk,parent_file
0.08539446194966634,0.02722253765645572,0.05564117431640625,0.16283011436462402,0.07668614387512207,0.06684732437133789,0.0925225019454956,0.18894779682159424,0.16430982777752484,0.10056185722351074,0.7131552696228027,0.12569153308868408,0.10370081663131714,0.15625333786010742,0.13865058762686594,0.18170468720097951,5.91278076171875e-05,0.6249511241912842,0.0,0.0,0.0,10.992086655602579,30,6.082361459274651,kashmira,True,kashmira_20250319_101105_20250319_101423.json
