mean_hold_time,std_hold_time,min_hold_time,max_hold_time,median_hold_time,hold_time_25th,hold_time_75th,mean_down_down_time,std_down_down_time,min_down_down_time,max_down_down_time,median_down_down_time,down_down_25th,down_down_75th,mean_up_down_time,std_up_down_time,min_up_down_time,max_up_down_time,shift_frequency,backspace_frequency,special_key_frequency,keystrokes_per_second,total_keystrokes,rhythm_consistency,user_id,is_chunk,parent_file
0.06875962870461601,0.02410489323201455,0.014889240264892578,0.1289520263671875,0.06953251361846924,0.061146557331085205,0.07548612356185913,0.25120515482766287,0.1742972673842291,0.06112980842590332,0.6174662113189697,0.18678641319274902,0.1297101378440857,0.31739091873168945,0.1766154925028483,0.17305227693399503,0.02108597755432129,0.5455119609832764,0.0,0.0,0.0,8.30595324434466,30,5.734034798818361,kashmira,True,kashmira_20250319_101105_20250319_101423.json
