mean_hold_time,std_hold_time,min_hold_time,max_hold_time,median_hold_time,hold_time_25th,hold_time_75th,mean_down_down_time,std_down_down_time,min_down_down_time,max_down_down_time,median_down_down_time,down_down_25th,down_down_75th,mean_up_down_time,std_up_down_time,min_up_down_time,max_up_down_time,shift_frequency,backspace_frequency,special_key_frequency,keystrokes_per_second,total_keystrokes,rhythm_consistency,user_id,is_chunk,parent_file
0.07823254267374674,0.018030715097113743,0.05271196365356445,0.1116178035736084,0.07313203811645508,0.06566345691680908,0.08802831172943115,0.20807797568184988,0.168973727346838,0.052873849868774414,0.7377979755401611,0.15905344486236572,0.09423112869262695,0.26363152265548706,0.14404080595288957,0.16409696287628173,0.00016188621520996094,0.664665937423706,0.0,0.0,0.0,10.024769312375525,30,5.914579489624661,kashmira,True,kashmira_20250319_101105_20250319_101423.json
