mean_hold_time,std_hold_time,min_hold_time,max_hold_time,median_hold_time,hold_time_25th,hold_time_75th,mean_down_down_time,std_down_down_time,min_down_down_time,max_down_down_time,median_down_down_time,down_down_25th,down_down_75th,mean_up_down_time,std_up_down_time,min_up_down_time,max_up_down_time,shift_frequency,backspace_frequency,special_key_frequency,keystrokes_per_second,total_keystrokes,rhythm_consistency,user_id,is_chunk,parent_file
0.078073331287929,0.01532745186584863,0.05081605911254883,0.10833096504211426,0.07909011840820312,0.06874215602874756,0.08975595235824585,0.17502122265951975,0.06906295606582684,0.08446002006530762,0.3485298156738281,0.15916693210601807,0.1353846788406372,0.1987290382385254,0.1138780911763509,0.06445853668433128,0.007349967956542969,0.24019885063171387,0.0,0.0,0.0,11.445048692505692,30,14.458606989675738,kashmira,True,kashmira_20250319_101105_20250319_101423.json
