mean_hold_time,std_hold_time,min_hold_time,max_hold_time,median_hold_time,hold_time_25th,hold_time_75th,mean_down_down_time,std_down_down_time,min_down_down_time,max_down_down_time,median_down_down_time,down_down_25th,down_down_75th,mean_up_down_time,std_up_down_time,min_up_down_time,max_up_down_time,shift_frequency,backspace_frequency,special_key_frequency,keystrokes_per_second,total_keystrokes,rhythm_consistency,user_id,is_chunk,parent_file
0.07741222381591797,0.01637915910132813,0.05166006088256836,0.11533093452453613,0.07547187805175781,0.06963884830474854,0.0839991569519043,0.2097982679094587,0.1508990859498389,0.08989524841308594,0.6168107986450195,0.15369832515716553,0.1259157657623291,0.18145757913589478,0.13250538281032018,0.14040956647291863,0.00010395050048828125,0.516334056854248,0.0,0.0,0.0,9.946096412440145,30,6.622556644695153,kashmira,True,kashmira_20250319_101105_20250319_101423.json
