mean_hold_time,std_hold_time,min_hold_time,max_hold_time,median_hold_time,hold_time_25th,hold_time_75th,mean_down_down_time,std_down_down_time,min_down_down_time,max_down_down_time,median_down_down_time,down_down_25th,down_down_75th,mean_up_down_time,std_up_down_time,min_up_down_time,max_up_down_time,shift_frequency,backspace_frequency,special_key_frequency,keystrokes_per_second,total_keystrokes,rhythm_consistency,user_id,is_chunk,parent_file
0.07733588559286934,0.01923510228790409,0.04004383087158203,0.1289520263671875,0.07648599147796631,0.06776183843612671,0.08355224132537842,0.16514986356099445,0.07714059468851885,0.06112980842590332,0.35118818283081055,0.15224504470825195,0.12646591663360596,0.18678641319274902,0.0995783805847168,0.069348100392852,0.0074617862701416016,0.2619209289550781,0.0,0.0,0.0,12.110212850774436,30,12.946560083238735,kashmira,True,kashmira_20250319_101105_20250319_101423.json
