mean_hold_time,std_hold_time,min_hold_time,max_hold_time,median_hold_time,hold_time_25th,hold_time_75th,mean_down_down_time,std_down_down_time,min_down_down_time,max_down_down_time,median_down_down_time,down_down_25th,down_down_75th,mean_up_down_time,std_up_down_time,min_up_down_time,max_up_down_time,shift_frequency,backspace_frequency,special_key_frequency,keystrokes_per_second,total_keystrokes,rhythm_consistency,user_id,is_chunk,parent_file
0.06333862940470378,0.014512492460677843,0.014889240264892578,0.08041000366210938,0.06639575958251953,0.06023049354553223,0.0717465877532959,0.2524613652910505,0.1814690851927734,0.10089492797851562,0.6174662113189697,0.15223634243011475,0.11225450038909912,0.3797350525856018,0.18970847129821777,0.1846083729711177,0.035037994384765625,0.5455119609832764,0.0,0.0,0.0,8.319472077770781,30,5.507545510505226,kashmira,True,kashmira_20250319_101105_20250319_101423.json
