mean_hold_time,std_hold_time,min_hold_time,max_hold_time,median_hold_time,hold_time_25th,hold_time_75th,mean_down_down_time,std_down_down_time,min_down_down_time,max_down_down_time,median_down_down_time,down_down_25th,down_down_75th,mean_up_down_time,std_up_down_time,min_up_down_time,max_up_down_time,shift_frequency,backspace_frequency,special_key_frequency,keystrokes_per_second,total_keystrokes,rhythm_consistency,user_id,is_chunk,parent_file
0.08562673841203962,0.025314175528346333,0.05271196365356445,0.1521749496459961,0.07761025428771973,0.06958705186843872,0.09119570255279541,0.20425426959991455,0.20814283905199046,0.052873849868774414,0.8957750797271729,0.11573636531829834,0.10040247440338135,0.22878962755203247,0.1295290333884103,0.20612574870740824,0.00016188621520996094,0.8162791728973389,0.0,0.0,0.0,10.491125336349098,30,4.802085894297366,kashmira,True,kashmira_20250319_101105_20250319_101423.json
