mean_hold_time,std_hold_time,min_hold_time,max_hold_time,median_hold_time,hold_time_25th,hold_time_75th,mean_down_down_time,std_down_down_time,min_down_down_time,max_down_down_time,median_down_down_time,down_down_25th,down_down_75th,mean_up_down_time,std_up_down_time,min_up_down_time,max_up_down_time,shift_frequency,backspace_frequency,special_key_frequency,keystrokes_per_second,total_keystrokes,rhythm_consistency,user_id,is_chunk,parent_file
0.08966871897379557,0.02192914311843107,0.06362605094909668,0.1521749496459961,0.08323907852172852,0.07567489147186279,0.09351253509521484,0.1661107199532645,0.11751553343335464,0.08306002616882324,0.4585399627685547,0.11259543895721436,0.10040247440338135,0.14145970344543457,0.08548331260681152,0.11464887898601515,0.00044608116149902344,0.38242077827453613,0.0,0.0,0.0,12.55662971833655,30,8.502278319951994,kashmira,True,kashmira_20250319_101105_20250319_101423.json
