mean_hold_time,std_hold_time,min_hold_time,max_hold_time,median_hold_time,hold_time_25th,hold_time_75th,mean_down_down_time,std_down_down_time,min_down_down_time,max_down_down_time,median_down_down_time,down_down_25th,down_down_75th,mean_up_down_time,std_up_down_time,min_up_down_time,max_up_down_time,shift_frequency,backspace_frequency,special_key_frequency,keystrokes_per_second,total_keystrokes,rhythm_consistency,user_id,is_chunk,parent_file
0.0770262877146403,0.016646089202137084,0.05081605911254883,0.10833096504211426,0.07561278343200684,0.06559479236602783,0.08313190937042236,0.21149228300367082,0.09083163550188841,0.06997013092041016,0.4205598831176758,0.17960655689239502,0.1588868498802185,0.2628268003463745,0.13459740366254533,0.08349112699858333,0.012253761291503906,0.3390529155731201,0.0,0.0,0.0,9.869206800584392,30,10.997272780596061,kashmira,True,kashmira_20250319_101105_20250319_101423.json
