mean_hold_time,std_hold_time,min_hold_time,max_hold_time,median_hold_time,hold_time_25th,hold_time_75th,mean_down_down_time,std_down_down_time,min_down_down_time,max_down_down_time,median_down_down_time,down_down_25th,down_down_75th,mean_up_down_time,std_up_down_time,min_up_down_time,max_up_down_time,shift_frequency,backspace_frequency,special_key_frequency,keystrokes_per_second,total_keystrokes,rhythm_consistency,user_id,is_chunk,parent_file
0.08330065863473075,0.026882537624894197,0.048542022705078125,0.15542101860046387,0.0814809799194336,0.06253516674041748,0.090598464012146,0.29627251625061035,0.30175492561733125,0.06739306449890137,1.1499900817871094,0.18209755420684814,0.12226462364196777,0.22914743423461914,0.23366839090983074,0.28941383774903706,0.04731488227844238,1.095017910003662,0.0,0.0,0.0,7.085635256448519,30,3.312849700745729,kashmira,True,kashmira_20250319_101105_20250319_101423.json
