mean_hold_time,std_hold_time,min_hold_time,max_hold_time,median_hold_time,hold_time_25th,hold_time_75th,mean_down_down_time,std_down_down_time,min_down_down_time,max_down_down_time,median_down_down_time,down_down_25th,down_down_75th,mean_up_down_time,std_up_down_time,min_up_down_time,max_up_down_time,shift_frequency,backspace_frequency,special_key_frequency,keystrokes_per_second,total_keystrokes,rhythm_consistency,user_id,is_chunk,parent_file
0.07357621192932129,0.013351975409257399,0.048542022705078125,0.09225201606750488,0.07562804222106934,0.06463789939880371,0.08398783206939697,0.36335393360682894,0.33032374290625466,0.09595704078674316,1.1499900817871094,0.19685351848602295,0.11584329605102539,0.5192842483520508,0.2896402733666556,0.3365112458538286,0.011879205703735352,1.095017910003662,0.0,0.0,0.0,5.815523447450511,30,3.0264169009298842,kashmira,True,kashmira_20250319_101105_20250319_101423.json
