mean_hold_time,std_hold_time,min_hold_time,max_hold_time,median_hold_time,hold_time_25th,hold_time_75th,mean_down_down_time,std_down_down_time,min_down_down_time,max_down_down_time,median_down_down_time,down_down_25th,down_down_75th,mean_up_down_time,std_up_down_time,min_up_down_time,max_up_down_time,shift_frequency,backspace_frequency,special_key_frequency,keystrokes_per_second,total_keystrokes,rhythm_consistency,user_id
0.07869222889775815,0.020829380141442727,0.014889240264892578,0.16283011436462402,0.07552635669708252,0.06611448526382446,0.08746582269668579,0.22113358365358227,0.19971840272423783,0.052873849868774414,1.1925029754638672,0.15099406242370605,0.10900092124938965,0.23191094398498535,0.15445738465246492,0.19881054651196875,5.91278076171875e-05,1.1057541370391846,0.0,0.0,0.0,9.09059829497437,276,5.004544057836675,kashmira
