mean_hold_time,std_hold_time,min_hold_time,max_hold_time,median_hold_time,hold_time_25th,hold_time_75th,mean_down_down_time,std_down_down_time,min_down_down_time,max_down_down_time,median_down_down_time,down_down_25th,down_down_75th,mean_up_down_time,std_up_down_time,min_up_down_time,max_up_down_time,shift_frequency,backspace_frequency,special_key_frequency,keystrokes_per_second,total_keystrokes,rhythm_consistency,user_id,is_chunk,parent_file
0.07135872840881348,0.010101476330781829,0.0500950813293457,0.09786009788513184,0.06909990310668945,0.06611382961273193,0.07698595523834229,0.1959911925452096,0.1703344809119388,0.09458470344543457,0.7862451076507568,0.13594257831573486,0.11408388614654541,0.19734060764312744,0.12469085625239781,0.17194441517303796,0.017259836196899414,0.7171452045440674,0.0,0.0,0.0,10.653208913233016,30,5.86735732493407,krish,True,krish_20250318_191858_20250318_191948.json
