mean_hold_time,std_hold_time,min_hold_time,max_hold_time,median_hold_time,hold_time_25th,hold_time_75th,mean_down_down_time,std_down_down_time,min_down_down_time,max_down_down_time,median_down_down_time,down_down_25th,down_down_75th,mean_up_down_time,std_up_down_time,min_up_down_time,max_up_down_time,shift_frequency,backspace_frequency,special_key_frequency,keystrokes_per_second,total_keystrokes,rhythm_consistency,user_id,is_chunk,parent_file
0.06795821189880372,0.011934085473867378,0.03894400596618652,0.09562110900878906,0.06808805465698242,0.06408488750457764,0.07149958610534668,0.212995069367545,0.16626570569514332,0.052568912506103516,0.7924449443817139,0.17688250541687012,0.15779006481170654,0.20294660329818726,0.14504613195146834,0.1640775716794619,0.013624906539916992,0.7207038402557373,0.0,0.0,0.0,9.836004217090252,30,6.010854195109473,krish,True,krish_20250318_191858_20250318_192200.json
