mean_hold_time,std_hold_time,min_hold_time,max_hold_time,median_hold_time,hold_time_25th,hold_time_75th,mean_down_down_time,std_down_down_time,min_down_down_time,max_down_down_time,median_down_down_time,down_down_25th,down_down_75th,mean_up_down_time,std_up_down_time,min_up_down_time,max_up_down_time,shift_frequency,backspace_frequency,special_key_frequency,keystrokes_per_second,total_keystrokes,rhythm_consistency,user_id,is_chunk,parent_file
0.07356500625610352,0.010743745967751078,0.05922102928161621,0.09587383270263672,0.07124447822570801,0.06424999237060547,0.07968509197235107,0.21970227786472865,0.18172382660798045,0.07066798210144043,0.6937210559844971,0.1794203519821167,0.10133838653564453,0.20293229818344116,0.1614443302154541,0.1734830932720817,0.007628917694091797,0.6302671432495117,0.0,0.0,0.0,9.189977063240237,30,5.499829250409742,krish,True,krish_20250318_191858_20250318_192200.json
