mean_hold_time,std_hold_time,min_hold_time,max_hold_time,median_hold_time,hold_time_25th,hold_time_75th,mean_down_down_time,std_down_down_time,min_down_down_time,max_down_down_time,median_down_down_time,down_down_25th,down_down_75th,mean_up_down_time,std_up_down_time,min_up_down_time,max_up_down_time,shift_frequency,backspace_frequency,special_key_frequency,keystrokes_per_second,total_keystrokes,rhythm_consistency,user_id,is_chunk,parent_file
0.06811898549397787,0.0083760099458353,0.05416703224182129,0.08583283424377441,0.06820988655090332,0.05977940559387207,0.07380664348602295,0.21591372149331228,0.20315120150034974,0.015880107879638672,0.8478279113769531,0.16313660144805908,0.10613423585891724,0.19568496942520142,0.2076378890446254,0.254280029406151,0.021083831787109375,0.7954981327056885,0.0,0.0,0.0,9.693272007147634,30,4.920020116084181,krish,True,krish_20250318_191858_20250318_192200.json
