mean_hold_time,std_hold_time,min_hold_time,max_hold_time,median_hold_time,hold_time_25th,hold_time_75th,mean_down_down_time,std_down_down_time,min_down_down_time,max_down_down_time,median_down_down_time,down_down_25th,down_down_75th,mean_up_down_time,std_up_down_time,min_up_down_time,max_up_down_time,shift_frequency,backspace_frequency,special_key_frequency,keystrokes_per_second,total_keystrokes,rhythm_consistency,user_id,is_chunk,parent_file
0.06563852514539446,0.008978526682825599,0.0522611141204834,0.0778040885925293,0.06704258918762207,0.05723375082015991,0.07367432117462158,0.20788557188851492,0.19578136495643542,0.07565808296203613,0.8650150299072266,0.14265549182891846,0.11794668436050415,0.18953460454940796,0.13984031677246095,0.1919612242165483,0.014633893966674805,0.8124599456787109,0.0,0.0,0.0,9.94515543929038,30,5.1051308541902545,krish,True,krish_20250318_191858_20250318_191948.json
