mean_hold_time,std_hold_time,min_hold_time,max_hold_time,median_hold_time,hold_time_25th,hold_time_75th,mean_down_down_time,std_down_down_time,min_down_down_time,max_down_down_time,median_down_down_time,down_down_25th,down_down_75th,mean_up_down_time,std_up_down_time,min_up_down_time,max_up_down_time,shift_frequency,backspace_frequency,special_key_frequency,keystrokes_per_second,total_keystrokes,rhythm_consistency,user_id,is_chunk,parent_file
0.06930913243974958,0.012702309950903585,0.047966957092285156,0.10028386116027832,0.06794309616088867,0.06397408246994019,0.07692402601242065,0.231829149382455,0.2032417876512858,0.07992100715637207,0.8421790599822998,0.13403689861297607,0.11410552263259888,0.23751896619796753,0.15596288045247395,0.20271063186727556,0.012096881866455078,0.7863712310791016,0.0,0.0,0.0,9.064071033193187,30,4.917828310405713,krish,True,krish_20250318_191858_20250318_192200.json
