mean_hold_time,std_hold_time,min_hold_time,max_hold_time,median_hold_time,hold_time_25th,hold_time_75th,mean_down_down_time,std_down_down_time,min_down_down_time,max_down_down_time,median_down_down_time,down_down_25th,down_down_75th,mean_up_down_time,std_up_down_time,min_up_down_time,max_up_down_time,shift_frequency,backspace_frequency,special_key_frequency,keystrokes_per_second,total_keystrokes,rhythm_consistency,user_id,is_chunk,parent_file
0.06823865004948207,0.010452291051120145,0.05068206787109375,0.09786009788513184,0.06671226024627686,0.06404763460159302,0.06934434175491333,0.22902563640049525,0.21157238327928532,0.0894012451171875,0.7862451076507568,0.13581395149230957,0.11699318885803223,0.2168174386024475,0.1555744489034017,0.2067774654779635,0.017259836196899414,0.7171452045440674,0.0,0.0,0.0,9.121430408030104,30,4.724281857216005,krish,True,krish_20250318_191858_20250318_191948.json
