mean_hold_time,std_hold_time,min_hold_time,max_hold_time,median_hold_time,hold_time_25th,hold_time_75th,mean_down_down_time,std_down_down_time,min_down_down_time,max_down_down_time,median_down_down_time,down_down_25th,down_down_75th,mean_up_down_time,std_up_down_time,min_up_down_time,max_up_down_time,shift_frequency,backspace_frequency,special_key_frequency,keystrokes_per_second,total_keystrokes,rhythm_consistency,user_id,is_chunk,parent_file
0.06362789471944173,0.00859236340708346,0.05054306983947754,0.07687020301818848,0.06523704528808594,0.05631899833679199,0.06854510307312012,0.19907544340406144,0.15275577703907786,0.07565808296203613,0.6816229820251465,0.13705956935882568,0.1191607117652893,0.22121399641036987,0.13569462299346924,0.1513504454692948,0.023072004318237305,0.6176881790161133,0.0,0.0,0.0,10.511035536787462,30,6.542114530249964,krish,True,krish_20250318_191858_20250318_191948.json
