mean_hold_time,std_hold_time,min_hold_time,max_hold_time,median_hold_time,hold_time_25th,hold_time_75th,mean_down_down_time,std_down_down_time,min_down_down_time,max_down_down_time,median_down_down_time,down_down_25th,down_down_75th,mean_up_down_time,std_up_down_time,min_up_down_time,max_up_down_time,shift_frequency,backspace_frequency,special_key_frequency,keystrokes_per_second,total_keystrokes,rhythm_consistency,user_id,is_chunk,parent_file
0.0761542002360026,0.01074349635105659,0.05785989761352539,0.09178900718688965,0.07380080223083496,0.0679311752319336,0.08628249168395996,0.23803814819880895,0.22427491311792805,0.10096502304077148,0.7944152355194092,0.15348196029663086,0.13311320543289185,0.16988098621368408,0.1630007198878697,0.2249375046981044,0.011729001998901367,0.7264649868011475,0.0,0.0,0.0,8.760855585723306,30,4.456826238298821,krish,True,krish_20250318_191858_20250318_191948.json
