mean_hold_time,std_hold_time,min_hold_time,max_hold_time,median_hold_time,hold_time_25th,hold_time_75th,mean_down_down_time,std_down_down_time,min_down_down_time,max_down_down_time,median_down_down_time,down_down_25th,down_down_75th,mean_up_down_time,std_up_down_time,min_up_down_time,max_up_down_time,shift_frequency,backspace_frequency,special_key_frequency,keystrokes_per_second,total_keystrokes,rhythm_consistency,user_id,is_chunk,parent_file
0.06757141749064127,0.01169504122271799,0.040144920349121094,0.08733892440795898,0.06776714324951172,0.06320858001708984,0.07424795627593994,0.2384829350880214,0.1473871865318829,0.10836315155029297,0.5401132106781006,0.16839885711669922,0.15164101123809814,0.21739977598190308,0.17148840427398682,0.1466278946039908,0.03251004219055176,0.46883511543273926,0.0,0.0,0.0,8.786293816474176,30,6.780250023847502,krish,True,krish_20250318_191858_20250318_192200.json
