mean_hold_time,std_hold_time,min_hold_time,max_hold_time,median_hold_time,hold_time_25th,hold_time_75th,mean_down_down_time,std_down_down_time,min_down_down_time,max_down_down_time,median_down_down_time,down_down_25th,down_down_75th,mean_up_down_time,std_up_down_time,min_up_down_time,max_up_down_time,shift_frequency,backspace_frequency,special_key_frequency,keystrokes_per_second,total_keystrokes,rhythm_consistency,user_id,is_chunk,parent_file
0.0660492011478969,0.013688013168336042,0.0394439697265625,0.08338809013366699,0.06555187702178955,0.05630338191986084,0.07966548204421997,0.1667506354195731,0.08788220472165965,0.0032639503479003906,0.3720371723175049,0.1753525733947754,0.11239880323410034,0.20412707328796387,0.12634283701578777,0.06859094952918247,0.030356168746948242,0.29444003105163574,0.0,0.0,0.0,12.079669350939072,30,11.365934772419015,krish,True,krish_20250318_191858_20250318_191948.json
