mean_hold_time,std_hold_time,min_hold_time,max_hold_time,median_hold_time,hold_time_25th,hold_time_75th,mean_down_down_time,std_down_down_time,min_down_down_time,max_down_down_time,median_down_down_time,down_down_25th,down_down_75th,mean_up_down_time,std_up_down_time,min_up_down_time,max_up_down_time,shift_frequency,backspace_frequency,special_key_frequency,keystrokes_per_second,total_keystrokes,rhythm_consistency,user_id,is_chunk,parent_file
0.07512734617505755,0.008855138708562154,0.0632789134979248,0.09163093566894531,0.07396566867828369,0.06707310676574707,0.08257615566253662,0.18701321738106863,0.14082967199960228,0.06958794593811035,0.6651508808135986,0.16214251518249512,0.11747443675994873,0.1826147437095642,0.10587201118469239,0.13873711674938516,0.006309032440185547,0.5980978012084961,0.0,0.0,0.0,11.364226036876598,30,7.09573779468402,krish,True,krish_20250318_191858_20250318_192200.json
