mean_hold_time,std_hold_time,min_hold_time,max_hold_time,median_hold_time,hold_time_25th,hold_time_75th,mean_down_down_time,std_down_down_time,min_down_down_time,max_down_down_time,median_down_down_time,down_down_25th,down_down_75th,mean_up_down_time,std_up_down_time,min_up_down_time,max_up_down_time,shift_frequency,backspace_frequency,special_key_frequency,keystrokes_per_second,total_keystrokes,rhythm_consistency,user_id,is_chunk,parent_file
0.06845717430114746,0.011454720429932235,0.04775595664978027,0.08338809013366699,0.06693792343139648,0.060523033142089844,0.08037734031677246,0.19816172122955322,0.14735665978956036,0.11071109771728516,0.7175729274749756,0.15524566173553467,0.13472753763198853,0.19634264707565308,0.1306957347052438,0.1482116281446796,0.030356168746948242,0.6509699821472168,0.0,0.0,0.0,10.5020030981251,30,6.781653683374687,krish,True,krish_20250318_191858_20250318_191948.json
