mean_hold_time,std_hold_time,min_hold_time,max_hold_time,median_hold_time,hold_time_25th,hold_time_75th,mean_down_down_time,std_down_down_time,min_down_down_time,max_down_down_time,median_down_down_time,down_down_25th,down_down_75th,mean_up_down_time,std_up_down_time,min_up_down_time,max_up_down_time,shift_frequency,backspace_frequency,special_key_frequency,keystrokes_per_second,total_keystrokes,rhythm_consistency,user_id,is_chunk,parent_file
0.06556234359741211,0.011830769328143996,0.047966957092285156,0.09539294242858887,0.06505203247070312,0.05884087085723877,0.07130289077758789,0.26194400446755545,0.22494395405530307,0.07942891120910645,0.8421790599822998,0.17812860012054443,0.13260692358016968,0.2370327115058899,0.19737669399806432,0.22754119013833415,0.007750988006591797,0.7863712310791016,0.0,0.0,0.0,8.007027244827754,30,4.443576385767985,krish,True,krish_20250318_191858_20250318_192200.json
