mean_hold_time,std_hold_time,min_hold_time,max_hold_time,median_hold_time,hold_time_25th,hold_time_75th,mean_down_down_time,std_down_down_time,min_down_down_time,max_down_down_time,median_down_down_time,down_down_25th,down_down_75th,mean_up_down_time,std_up_down_time,min_up_down_time,max_up_down_time,shift_frequency,backspace_frequency,special_key_frequency,keystrokes_per_second,total_keystrokes,rhythm_consistency,user_id,is_chunk,parent_file
0.07324544021061488,0.01656239139619713,0.0315241813659668,0.09956192970275879,0.07217657566070557,0.06719708442687988,0.08693927526473999,0.23819449969700404,0.19547474522679562,0.10096502304077148,0.7944152355194092,0.15998435020446777,0.13752174377441406,0.21873629093170166,0.15935978889465333,0.19230529101100735,0.011729001998901367,0.7264649868011475,0.0,0.0,0.0,8.782630776122524,30,5.1131346168461755,krish,True,krish_20250318_191858_20250318_191948.json
