mean_hold_time,std_hold_time,min_hold_time,max_hold_time,median_hold_time,hold_time_25th,hold_time_75th,mean_down_down_time,std_down_down_time,min_down_down_time,max_down_down_time,median_down_down_time,down_down_25th,down_down_75th,mean_up_down_time,std_up_down_time,min_up_down_time,max_up_down_time,shift_frequency,backspace_frequency,special_key_frequency,keystrokes_per_second,total_keystrokes,rhythm_consistency,user_id,is_chunk,parent_file
0.07514658996037074,0.015374344181843603,0.043745994567871094,0.09985709190368652,0.07872986793518066,0.06893932819366455,0.0839771032333374,0.21898485933031356,0.1952283731774301,0.00034308433532714844,0.7685298919677734,0.15348196029663086,0.1158907413482666,0.22095835208892822,0.14794991811116537,0.17974359823359495,0.015101909637451172,0.6851091384887695,0.0,0.0,0.0,9.62867327692757,30,5.119583927992027,krish,True,krish_20250318_191858_20250318_191948.json
