mean_hold_time,std_hold_time,min_hold_time,max_hold_time,median_hold_time,hold_time_25th,hold_time_75th,mean_down_down_time,std_down_down_time,min_down_down_time,max_down_down_time,median_down_down_time,down_down_25th,down_down_75th,mean_up_down_time,std_up_down_time,min_up_down_time,max_up_down_time,shift_frequency,backspace_frequency,special_key_frequency,keystrokes_per_second,total_keystrokes,rhythm_consistency,user_id,is_chunk,parent_file
0.07663140978131976,0.0052962718333451056,0.06732797622680664,0.08481788635253906,0.07573831081390381,0.07242965698242188,0.08086758852005005,0.18528427396501815,0.11365131587840825,0.06373715400695801,0.5311670303344727,0.17047655582427979,0.12252646684646606,0.18364167213439941,0.1284985383351644,0.10442958325258743,0.011699199676513672,0.45949411392211914,0.0,0.0,0.0,11.356577641654734,30,8.791107094259253,krish,True,krish_20250318_191858_20250318_192200.json
