mean_hold_time,std_hold_time,min_hold_time,max_hold_time,median_hold_time,hold_time_25th,hold_time_75th,mean_down_down_time,std_down_down_time,min_down_down_time,max_down_down_time,median_down_down_time,down_down_25th,down_down_75th,mean_up_down_time,std_up_down_time,min_up_down_time,max_up_down_time,shift_frequency,backspace_frequency,special_key_frequency,keystrokes_per_second,total_keystrokes,rhythm_consistency,user_id,is_chunk,parent_file
0.07139755998338972,0.01314156872371766,0.04544401168823242,0.09927701950073242,0.06970047950744629,0.06459510326385498,0.078113853931427,0.1589141402925764,0.09745985925338746,0.018392086029052734,0.4684281349182129,0.14758849143981934,0.11459779739379883,0.1756664514541626,0.12092502911885579,0.12221978792318401,0.011456012725830078,0.4285261631011963,0.0,0.0,0.0,12.82341123060666,30,10.250117288533072,krish,True,krish_20250318_191858_20250318_192200.json
