mean_hold_time,std_hold_time,min_hold_time,max_hold_time,median_hold_time,hold_time_25th,hold_time_75th,mean_down_down_time,std_down_down_time,min_down_down_time,max_down_down_time,median_down_down_time,down_down_25th,down_down_75th,mean_up_down_time,std_up_down_time,min_up_down_time,max_up_down_time,shift_frequency,backspace_frequency,special_key_frequency,keystrokes_per_second,total_keystrokes,rhythm_consistency,user_id,is_chunk,parent_file
0.06825758729662214,0.007402292638641588,0.05873417854309082,0.08382773399353027,0.06967306137084961,0.060398638248443604,0.0724605917930603,0.2384939364024571,0.18364888630361445,0.09078788757324219,0.7924449443817139,0.16409599781036377,0.15003341436386108,0.22951793670654297,0.16580686569213868,0.17693003639811852,0.021083831787109375,0.7207038402557373,0.0,0.0,0.0,8.714067378778704,30,5.4422098556160305,krish,True,krish_20250318_191858_20250318_192200.json
