mean_hold_time,std_hold_time,min_hold_time,max_hold_time,median_hold_time,hold_time_25th,hold_time_75th,mean_down_down_time,std_down_down_time,min_down_down_time,max_down_down_time,median_down_down_time,down_down_25th,down_down_75th,mean_up_down_time,std_up_down_time,min_up_down_time,max_up_down_time,shift_frequency,backspace_frequency,special_key_frequency,keystrokes_per_second,total_keystrokes,rhythm_consistency,user_id,is_chunk,parent_file
0.06850194931030273,0.012105021490411481,0.035363197326660156,0.08925890922546387,0.06759214401245117,0.06411910057067871,0.07399702072143555,0.18687314646584646,0.16798345948634827,0.003239870071411133,0.7334549427032471,0.16990208625793457,0.09732568264007568,0.200242817401886,0.15158052103860037,0.14964816120339838,0.012911081314086914,0.6674361228942871,0.0,0.0,0.0,11.20421237878677,30,5.949425381033522,krish,True,krish_20250318_191858_20250318_191948.json
