mean_hold_time,std_hold_time,min_hold_time,max_hold_time,median_hold_time,hold_time_25th,hold_time_75th,mean_down_down_time,std_down_down_time,min_down_down_time,max_down_down_time,median_down_down_time,down_down_25th,down_down_75th,mean_up_down_time,std_up_down_time,min_up_down_time,max_up_down_time,shift_frequency,backspace_frequency,special_key_frequency,keystrokes_per_second,total_keystrokes,rhythm_consistency,user_id,is_chunk,parent_file
0.0745290858404977,0.009859456309277034,0.06134033203125,0.09167098999023438,0.07308495044708252,0.06621038913726807,0.0830693244934082,0.23398986884525844,0.19116715876188756,0.03921008110046387,0.7334549427032471,0.16430068016052246,0.1267012357711792,0.200018048286438,0.16901285307747976,0.18509399116757905,0.03309297561645508,0.6674361228942871,0.0,0.0,0.0,9.157905653916373,30,5.228289092979735,krish,True,krish_20250318_191858_20250318_191948.json
