mean_hold_time,std_hold_time,min_hold_time,max_hold_time,median_hold_time,hold_time_25th,hold_time_75th,mean_down_down_time,std_down_down_time,min_down_down_time,max_down_down_time,median_down_down_time,down_down_25th,down_down_75th,mean_up_down_time,std_up_down_time,min_up_down_time,max_up_down_time,shift_frequency,backspace_frequency,special_key_frequency,keystrokes_per_second,total_keystrokes,rhythm_consistency,user_id,is_chunk,parent_file
0.07047123908996582,0.010011967191190255,0.0541989803314209,0.08828210830688477,0.06713318824768066,0.06382608413696289,0.07869207859039307,0.2088310718536377,0.21683320469405007,0.07718491554260254,0.9720840454101562,0.16368305683135986,0.10781484842300415,0.17092525959014893,0.13758988039834158,0.2178111636247486,0.011497974395751953,0.906667947769165,0.0,0.0,0.0,10.055887566351101,30,4.6097138582834365,krish,True,krish_20250318_191858_20250318_192200.json
