mean_hold_time,std_hold_time,min_hold_time,max_hold_time,median_hold_time,hold_time_25th,hold_time_75th,mean_down_down_time,std_down_down_time,min_down_down_time,max_down_down_time,median_down_down_time,down_down_25th,down_down_75th,mean_up_down_time,std_up_down_time,min_up_down_time,max_up_down_time,shift_frequency,backspace_frequency,special_key_frequency,keystrokes_per_second,total_keystrokes,rhythm_consistency,user_id,is_chunk,parent_file
0.06728959083557129,0.00886958224120969,0.05208611488342285,0.08733892440795898,0.0665276050567627,0.06348615884780884,0.07245558500289917,0.264422995703561,0.23986785324112014,0.07718491554260254,0.9720840454101562,0.1661989688873291,0.14863932132720947,0.21422427892684937,0.18786945343017578,0.23448983356156158,0.013875961303710938,0.906667947769165,0.0,0.0,0.0,7.978519542151645,30,4.167224844884528,krish,True,krish_20250318_191858_20250318_192200.json
