mean_hold_time,std_hold_time,min_hold_time,max_hold_time,median_hold_time,hold_time_25th,hold_time_75th,mean_down_down_time,std_down_down_time,min_down_down_time,max_down_down_time,median_down_down_time,down_down_25th,down_down_75th,mean_up_down_time,std_up_down_time,min_up_down_time,max_up_down_time,shift_frequency,backspace_frequency,special_key_frequency,keystrokes_per_second,total_keystrokes,rhythm_consistency,user_id,is_chunk,parent_file
0.06907291071755546,0.011190192870273286,0.04805302619934082,0.09539294242858887,0.06943655014038086,0.06302142143249512,0.07211297750473022,0.23440871919904435,0.1634941629946254,0.07942891120910645,0.7334849834442139,0.17812860012054443,0.1575745940208435,0.20437228679656982,0.16064256032307941,0.16032805379348417,0.007750988006591797,0.6716110706329346,0.0,0.0,0.0,8.884521245366802,30,6.112687529278494,krish,True,krish_20250318_191858_20250318_192200.json
