mean_hold_time,std_hold_time,min_hold_time,max_hold_time,median_hold_time,hold_time_25th,hold_time_75th,mean_down_down_time,std_down_down_time,min_down_down_time,max_down_down_time,median_down_down_time,down_down_25th,down_down_75th,mean_up_down_time,std_up_down_time,min_up_down_time,max_up_down_time,shift_frequency,backspace_frequency,special_key_frequency,keystrokes_per_second,total_keystrokes,rhythm_consistency,user_id,is_chunk,parent_file
0.06606737772623698,0.013215090777232454,0.0394439697265625,0.09009981155395508,0.06454896926879883,0.06095230579376221,0.07458436489105225,0.21107821805136545,0.16634061197506617,0.0032639503479003906,0.6199350357055664,0.17503631114959717,0.09264278411865234,0.2410603165626526,0.1728710617337908,0.1479352436390577,0.003422975540161133,0.5588111877441406,0.0,0.0,0.0,9.910943449965021,30,6.0081490216450675,krish,True,krish_20250318_191858_20250318_191948.json
