mean_hold_time,std_hold_time,min_hold_time,max_hold_time,median_hold_time,hold_time_25th,hold_time_75th,mean_down_down_time,std_down_down_time,min_down_down_time,max_down_down_time,median_down_down_time,down_down_25th,down_down_75th,mean_up_down_time,std_up_down_time,min_up_down_time,max_up_down_time,shift_frequency,backspace_frequency,special_key_frequency,keystrokes_per_second,total_keystrokes,rhythm_consistency,user_id,is_chunk,parent_file
0.06820535659790039,0.01074388582719413,0.04425811767578125,0.09163093566894531,0.06791901588439941,0.06603145599365234,0.0722661018371582,0.20711534363882883,0.19417165859680355,0.05218195915222168,0.6798069477081299,0.13803911209106445,0.10373222827911377,0.18268197774887085,0.13897068159920828,0.19335206419270265,0.006309032440185547,0.6118290424346924,0.0,0.0,0.0,10.105535845308326,30,5.147431216796404,krish,True,krish_20250318_191858_20250318_192200.json
