mean_hold_time,std_hold_time,min_hold_time,max_hold_time,median_hold_time,hold_time_25th,hold_time_75th,mean_down_down_time,std_down_down_time,min_down_down_time,max_down_down_time,median_down_down_time,down_down_25th,down_down_75th,mean_up_down_time,std_up_down_time,min_up_down_time,max_up_down_time,shift_frequency,backspace_frequency,special_key_frequency,keystrokes_per_second,total_keystrokes,rhythm_consistency,user_id,is_chunk,parent_file
0.06792133649190267,0.013545791971186948,0.03943800926208496,0.08916521072387695,0.06778907775878906,0.06422138214111328,0.07680308818817139,0.23983299732208252,0.1577381422877377,0.019215106964111328,0.6026260852813721,0.18128764629364014,0.15048998594284058,0.3147094249725342,0.200016907283238,0.13280018541683988,0.013596296310424805,0.5134608745574951,0.0,0.0,0.0,8.778488165352908,30,6.335604217749902,krish,True,krish_20250318_191858_20250318_191948.json
