mean_hold_time,std_hold_time,min_hold_time,max_hold_time,median_hold_time,hold_time_25th,hold_time_75th,mean_down_down_time,std_down_down_time,min_down_down_time,max_down_down_time,median_down_down_time,down_down_25th,down_down_75th,mean_up_down_time,std_up_down_time,min_up_down_time,max_up_down_time,shift_frequency,backspace_frequency,special_key_frequency,keystrokes_per_second,total_keystrokes,rhythm_consistency,user_id,is_chunk,parent_file
0.06590196064540318,0.011095664482725484,0.04425811767578125,0.08583283424377441,0.06730091571807861,0.05957365036010742,0.07115602493286133,0.24343313489641463,0.23107644232956812,0.015880107879638672,0.8478279113769531,0.16061997413635254,0.1338108777999878,0.1992206573486328,0.2282891591389974,0.2625575554331925,0.00792384147644043,0.7954981327056885,0.0,0.0,0.0,8.539272649488197,30,4.325700274314228,krish,True,krish_20250318_191858_20250318_192200.json
