mean_hold_time,std_hold_time,min_hold_time,max_hold_time,median_hold_time,hold_time_25th,hold_time_75th,mean_down_down_time,std_down_down_time,min_down_down_time,max_down_down_time,median_down_down_time,down_down_25th,down_down_75th,mean_up_down_time,std_up_down_time,min_up_down_time,max_up_down_time,shift_frequency,backspace_frequency,special_key_frequency,keystrokes_per_second,total_keystrokes,rhythm_consistency,user_id
0.06923669156893877,0.013633114340915518,0.016623973846435547,0.09985709190368652,0.06835365295410156,0.06326895952224731,0.07775235176086426,0.21628314890760056,0.17554835623057236,0.00034308433532714844,0.8650150299072266,0.15699291229248047,0.12142205238342285,0.21814894676208496,0.15669856172926883,0.16989938014884604,0.003422975540161133,0.8124599456787109,0.0,0.0,0.0,9.307646161865023,284,5.693193044672204,krish
