mean_hold_time,std_hold_time,min_hold_time,max_hold_time,median_hold_time,hold_time_25th,hold_time_75th,mean_down_down_time,std_down_down_time,min_down_down_time,max_down_down_time,median_down_down_time,down_down_25th,down_down_75th,mean_up_down_time,std_up_down_time,min_up_down_time,max_up_down_time,shift_frequency,backspace_frequency,special_key_frequency,keystrokes_per_second,total_keystrokes,rhythm_consistency,user_id,is_chunk,parent_file
0.07591678301493326,0.0119775881347448,0.0562591552734375,0.09927701950073242,0.0715780258178711,0.06837379932403564,0.08066236972808838,0.19264556680406844,0.12118816771566036,0.07066798210144043,0.6002442836761475,0.17646849155426025,0.1436125636100769,0.19613397121429443,0.13041608674185617,0.11941693461293729,0.011456012725830078,0.5286662578582764,0.0,0.0,0.0,10.801360450434387,30,8.24482733010141,krish,True,krish_20250318_191858_20250318_192200.json
