mean_hold_time,std_hold_time,min_hold_time,max_hold_time,median_hold_time,hold_time_25th,hold_time_75th,mean_down_down_time,std_down_down_time,min_down_down_time,max_down_down_time,median_down_down_time,down_down_25th,down_down_75th,mean_up_down_time,std_up_down_time,min_up_down_time,max_up_down_time,shift_frequency,backspace_frequency,special_key_frequency,keystrokes_per_second,total_keystrokes,rhythm_consistency,user_id,is_chunk,parent_file
0.07123085430690221,0.012130819975009558,0.04006195068359375,0.09009981155395508,0.07220840454101562,0.06539493799209595,0.07917237281799316,0.2068289348057338,0.13630390289697633,0.06692099571228027,0.47412705421447754,0.17431986331939697,0.1043815016746521,0.19719195365905762,0.17612700462341307,0.16047072837072396,0.003422975540161133,0.5588111877441406,0.0,0.0,0.0,8.684535276452163,30,7.331168527892372,krish,True,krish_20250318_191858_20250318_191948.json
