mean_hold_time,std_hold_time,min_hold_time,max_hold_time,median_hold_time,hold_time_25th,hold_time_75th,mean_down_down_time,std_down_down_time,min_down_down_time,max_down_down_time,median_down_down_time,down_down_25th,down_down_75th,mean_up_down_time,std_up_down_time,min_up_down_time,max_up_down_time,shift_frequency,backspace_frequency,special_key_frequency,keystrokes_per_second,total_keystrokes,rhythm_consistency,user_id,is_chunk,parent_file
0.07544035911560058,0.009374604580957117,0.06030988693237305,0.10028386116027832,0.07494831085205078,0.06794309616088867,0.07947051525115967,0.1605652059827532,0.10489375299943428,0.0708627700805664,0.504479169845581,0.12010252475738525,0.1091071367263794,0.17128080129623413,0.09714182785579137,0.10597493312395939,0.012096881866455078,0.4372079372406006,0.0,0.0,0.0,12.933343529603308,30,9.52437617888931,krish,True,krish_20250318_191858_20250318_192200.json
