mean_hold_time,std_hold_time,min_hold_time,max_hold_time,median_hold_time,hold_time_25th,hold_time_75th,mean_down_down_time,std_down_down_time,min_down_down_time,max_down_down_time,median_down_down_time,down_down_25th,down_down_75th,mean_up_down_time,std_up_down_time,min_up_down_time,max_up_down_time,shift_frequency,backspace_frequency,special_key_frequency,keystrokes_per_second,total_keystrokes,rhythm_consistency,user_id,is_chunk,parent_file
0.07041034698486329,0.016967039333244505,0.0315241813659668,0.09956192970275879,0.07218194007873535,0.060463547706604004,0.08029413223266602,0.24391920225960867,0.21056967743769955,0.08284211158752441,0.8650150299072266,0.1575409173965454,0.14135265350341797,0.22269535064697266,0.1733351264681135,0.21477303806370243,0.014633893966674805,0.8124599456787109,0.0,0.0,0.0,8.61364286531346,30,4.746767603969611,krish,True,krish_20250318_191858_20250318_191948.json
