mean_hold_time,std_hold_time,min_hold_time,max_hold_time,median_hold_time,hold_time_25th,hold_time_75th,mean_down_down_time,std_down_down_time,min_down_down_time,max_down_down_time,median_down_down_time,down_down_25th,down_down_75th,mean_up_down_time,std_up_down_time,min_up_down_time,max_up_down_time,shift_frequency,backspace_frequency,special_key_frequency,keystrokes_per_second,total_keystrokes,rhythm_consistency,user_id,is_chunk,parent_file
0.07439568837483725,0.014808717207625844,0.043745994567871094,0.09985709190368652,0.07727575302124023,0.06802892684936523,0.083343505859375,0.20613442148481095,0.16974011045423132,0.00034308433532714844,0.5590620040893555,0.12899839878082275,0.11019504070281982,0.18364721536636353,0.14329753603254045,0.15804319743248216,0.015101909637451172,0.4749791622161865,0.0,0.0,0.0,10.112948675321444,30,5.887890659783109,krish,True,krish_20250318_191858_20250318_191948.json
