mean_hold_time,std_hold_time,min_hold_time,max_hold_time,median_hold_time,hold_time_25th,hold_time_75th,mean_down_down_time,std_down_down_time,min_down_down_time,max_down_down_time,median_down_down_time,down_down_25th,down_down_75th,mean_up_down_time,std_up_down_time,min_up_down_time,max_up_down_time,shift_frequency,backspace_frequency,special_key_frequency,keystrokes_per_second,total_keystrokes,rhythm_consistency,user_id,is_chunk,parent_file
0.0663367850439889,0.014225635101117592,0.035363197326660156,0.08916521072387695,0.0674741268157959,0.061331212520599365,0.07524895668029785,0.20286290986197336,0.142679383681917,0.003239870071411133,0.6026260852813721,0.17772603034973145,0.13973772525787354,0.2568434476852417,0.16114180882771809,0.11292986893543916,0.012911081314086914,0.5134608745574951,0.0,0.0,0.0,10.14597059913734,30,7.003812274661402,krish,True,krish_20250318_191858_20250318_191948.json
