mean_hold_time,std_hold_time,min_hold_time,max_hold_time,median_hold_time,hold_time_25th,hold_time_75th,mean_down_down_time,std_down_down_time,min_down_down_time,max_down_down_time,median_down_down_time,down_down_25th,down_down_75th,mean_up_down_time,std_up_down_time,min_up_down_time,max_up_down_time,shift_frequency,backspace_frequency,special_key_frequency,keystrokes_per_second,total_keystrokes,rhythm_consistency,user_id
0.0701444728506936,0.011474059509873178,0.03894400596618652,0.10028386116027832,0.06865155696868896,0.06355065107345581,0.07596725225448608,0.21039759362494195,0.17271557482735528,0.015880107879638672,0.9720840454101562,0.16721391677856445,0.11824095249176025,0.19913291931152344,0.153416601927964,0.18070173727488636,0.006309032440185547,0.906667947769165,0.0,0.0,0.0,9.54091092006377,288,5.786515486228666,krish
