mean_hold_time,std_hold_time,min_hold_time,max_hold_time,median_hold_time,hold_time_25th,hold_time_75th,mean_down_down_time,std_down_down_time,min_down_down_time,max_down_down_time,median_down_down_time,down_down_25th,down_down_75th,mean_up_down_time,std_up_down_time,min_up_down_time,max_up_down_time,shift_frequency,backspace_frequency,special_key_frequency,keystrokes_per_second,total_keystrokes,rhythm_consistency,user_id,is_chunk,parent_file
0.07446390787760417,0.008660712637328417,0.05922102928161621,0.09202289581298828,0.07541584968566895,0.0688021183013916,0.08028733730316162,0.1979247842516218,0.15175488859827363,0.06373715400695801,0.6937210559844971,0.16166043281555176,0.10324978828430176,0.19960814714431763,0.13804878507341659,0.14994688210475,0.007628917694091797,0.6302671432495117,0.0,0.0,0.0,10.478629292766273,30,6.585234161578178,krish,True,krish_20250318_191858_20250318_192200.json
