mean_hold_time,std_hold_time,min_hold_time,max_hold_time,median_hold_time,hold_time_25th,hold_time_75th,mean_down_down_time,std_down_down_time,min_down_down_time,max_down_down_time,median_down_down_time,down_down_25th,down_down_75th,mean_up_down_time,std_up_down_time,min_up_down_time,max_up_down_time,shift_frequency,backspace_frequency,special_key_frequency,keystrokes_per_second,total_keystrokes,rhythm_consistency,user_id,is_chunk,parent_file
0.08846375147501627,0.02723475277834943,0.056983232498168945,0.14332175254821777,0.0799412727355957,0.06549656391143799,0.10819852352142334,0.20794505732400076,0.09599282180365863,0.10196709632873535,0.5231831073760986,0.19008708000183105,0.16217386722564697,0.2182774543762207,0.14143238748822892,0.08831781727235073,0.041497230529785156,0.4039947986602783,0.0,0.0,0.0,9.909506506589832,30,10.406604585337778,nishant,True,nishant_20250318_200530_20250318_200846.json
