mean_hold_time,std_hold_time,min_hold_time,max_hold_time,median_hold_time,hold_time_25th,hold_time_75th,mean_down_down_time,std_down_down_time,min_down_down_time,max_down_down_time,median_down_down_time,down_down_25th,down_down_75th,mean_up_down_time,std_up_down_time,min_up_down_time,max_up_down_time,shift_frequency,backspace_frequency,special_key_frequency,keystrokes_per_second,total_keystrokes,rhythm_consistency,user_id,is_chunk,parent_file
0.09467024803161621,0.017523882389803697,0.06506085395812988,0.13581490516662598,0.09217500686645508,0.08431220054626465,0.10521304607391357,0.19247959341321672,0.04232890472085915,0.09574770927429199,0.23294520378112793,0.20501267910003662,0.17878299951553345,0.22658699750900269,0.10972246101924352,0.03768887112452018,0.03315877914428711,0.1854238510131836,0.0,0.0,0.0,10.870450758405632,30,23.56883842698805,nishant,True,nishant_20250318_200530_20250318_200846.json
