mean_hold_time,std_hold_time,min_hold_time,max_hold_time,median_hold_time,hold_time_25th,hold_time_75th,mean_down_down_time,std_down_down_time,min_down_down_time,max_down_down_time,median_down_down_time,down_down_25th,down_down_75th,mean_up_down_time,std_up_down_time,min_up_down_time,max_up_down_time,shift_frequency,backspace_frequency,special_key_frequency,keystrokes_per_second,total_keystrokes,rhythm_consistency,user_id,is_chunk,parent_file
0.08488195283072335,0.0192795635981818,0.04295086860656738,0.10425019264221191,0.09352552890777588,0.07791650295257568,0.0994076132774353,0.24355106694357737,0.0891602599908142,0.11948180198669434,0.48708105087280273,0.21527314186096191,0.20618778467178345,0.2686050534248352,0.16324550310770672,0.08639226810653358,0.06859087944030762,0.400162935256958,0.0,0.0,0.0,8.248488722474336,30,11.203193897294387,nishant,True,nishant_20250318_200530_20250318_200846.json
