mean_hold_time,std_hold_time,min_hold_time,max_hold_time,median_hold_time,hold_time_25th,hold_time_75th,mean_down_down_time,std_down_down_time,min_down_down_time,max_down_down_time,median_down_down_time,down_down_25th,down_down_75th,mean_up_down_time,std_up_down_time,min_up_down_time,max_up_down_time,shift_frequency,backspace_frequency,special_key_frequency,keystrokes_per_second,total_keystrokes,rhythm_consistency,user_id,is_chunk,parent_file
0.0959928206035069,0.022028519153025956,0.06399106979370117,0.1436457633972168,0.09800577163696289,0.08087313175201416,0.11087071895599365,0.19600542954036168,0.05097694050594471,0.09574770927429199,0.33049583435058594,0.1950244903564453,0.16909009218215942,0.2211686372756958,0.11426790555318196,0.03912780349002589,0.05142498016357422,0.18685007095336914,0.0,0.0,0.0,10.48392007202736,30,19.578306572289947,nishant,True,nishant_20250318_200530_20250318_200846.json
