mean_hold_time,std_hold_time,min_hold_time,max_hold_time,median_hold_time,hold_time_25th,hold_time_75th,mean_down_down_time,std_down_down_time,min_down_down_time,max_down_down_time,median_down_down_time,down_down_25th,down_down_75th,mean_up_down_time,std_up_down_time,min_up_down_time,max_up_down_time,shift_frequency,backspace_frequency,special_key_frequency,keystrokes_per_second,total_keystrokes,rhythm_consistency,user_id,is_chunk,parent_file
0.09002213818686348,0.02261690417853091,0.0596311092376709,0.13289284706115723,0.08803689479827881,0.07061982154846191,0.10403573513031006,0.2314385005405971,0.1655239230041882,0.10196709632873535,0.7132546901702881,0.1726994514465332,0.13899046182632446,0.21701937913894653,0.13303426106770833,0.15020159558919047,0.015674829483032227,0.5803618431091309,0.0,0.0,0.0,9.21425770444529,30,6.037775110390983,nishant,True,nishant_20250318_200530_20250318_200846.json
