mean_hold_time,std_hold_time,min_hold_time,max_hold_time,median_hold_time,hold_time_25th,hold_time_75th,mean_down_down_time,std_down_down_time,min_down_down_time,max_down_down_time,median_down_down_time,down_down_25th,down_down_75th,mean_up_down_time,std_up_down_time,min_up_down_time,max_up_down_time,shift_frequency,backspace_frequency,special_key_frequency,keystrokes_per_second,total_keystrokes,rhythm_consistency,user_id,is_chunk,parent_file
0.09598894119262695,0.02002087079443747,0.06350898742675781,0.1436457633972168,0.0960841178894043,0.08372247219085693,0.10626637935638428,0.2087866919381278,0.0744318196525325,0.1206820011138916,0.410114049911499,0.18528449535369873,0.159726083278656,0.22288066148757935,0.11280454908098493,0.06450531119455111,0.05142498016357422,0.3017432689666748,0.0,0.0,0.0,9.936743337723547,30,13.417088227041848,nishant,True,nishant_20250318_200530_20250318_200846.json
