mean_hold_time,std_hold_time,min_hold_time,max_hold_time,median_hold_time,hold_time_25th,hold_time_75th,mean_down_down_time,std_down_down_time,min_down_down_time,max_down_down_time,median_down_down_time,down_down_25th,down_down_75th,mean_up_down_time,std_up_down_time,min_up_down_time,max_up_down_time,shift_frequency,backspace_frequency,special_key_frequency,keystrokes_per_second,total_keystrokes,rhythm_consistency,user_id,is_chunk,parent_file
0.08990246454874674,0.02197103370948811,0.04956388473510742,0.12496471405029297,0.08762192726135254,0.07533097267150879,0.10759353637695312,0.28257880892072407,0.1043642895237666,0.18083477020263672,0.5971369743347168,0.25351500511169434,0.22976899147033691,0.2975139617919922,0.1951807907649449,0.11481003689069451,0.07232213020324707,0.5475730895996094,0.0,0.0,0.0,7.351016869542052,30,9.572649223565444,nishant,True,nishant_20250318_200530_20250318_200846.json
