mean_hold_time,std_hold_time,min_hold_time,max_hold_time,median_hold_time,hold_time_25th,hold_time_75th,mean_down_down_time,std_down_down_time,min_down_down_time,max_down_down_time,median_down_down_time,down_down_25th,down_down_75th,mean_up_down_time,std_up_down_time,min_up_down_time,max_up_down_time,shift_frequency,backspace_frequency,special_key_frequency,keystrokes_per_second,total_keystrokes,rhythm_consistency,user_id,is_chunk,parent_file
0.09377200262887138,0.024928508583427957,0.0351259708404541,0.12962985038757324,0.09588956832885742,0.0821303129196167,0.11336839199066162,0.2185570682798113,0.05240365282719942,0.14294695854187012,0.3355269432067871,0.20938050746917725,0.19153177738189697,0.23526239395141602,0.12455558776855469,0.04681418555777545,0.04917287826538086,0.21547698974609375,0.0,0.0,0.0,9.430575995400023,30,19.046293851043288,nishant,True,nishant_20250318_200530_20250318_200846.json
