mean_hold_time,std_hold_time,min_hold_time,max_hold_time,median_hold_time,hold_time_25th,hold_time_75th,mean_down_down_time,std_down_down_time,min_down_down_time,max_down_down_time,median_down_down_time,down_down_25th,down_down_75th,mean_up_down_time,std_up_down_time,min_up_down_time,max_up_down_time,shift_frequency,backspace_frequency,special_key_frequency,keystrokes_per_second,total_keystrokes,rhythm_consistency,user_id,is_chunk,parent_file
0.09752782185872395,0.016077993869288033,0.0759131908416748,0.13512921333312988,0.09377408027648926,0.08425402641296387,0.10792553424835205,0.2283123561314174,0.08014092654511666,0.14294695854187012,0.4710547924041748,0.19744813442230225,0.18850094079971313,0.2499014139175415,0.12953056607927596,0.076426289877796,0.04917287826538086,0.3668098449707031,0.0,0.0,0.0,9.156544162314798,30,12.462468257239465,nishant,True,nishant_20250318_200530_20250318_200846.json
