mean_hold_time,std_hold_time,min_hold_time,max_hold_time,median_hold_time,hold_time_25th,hold_time_75th,mean_down_down_time,std_down_down_time,min_down_down_time,max_down_down_time,median_down_down_time,down_down_25th,down_down_75th,mean_up_down_time,std_up_down_time,min_up_down_time,max_up_down_time,shift_frequency,backspace_frequency,special_key_frequency,keystrokes_per_second,total_keystrokes,rhythm_consistency,user_id,is_chunk,parent_file
0.09395716985066732,0.019023005507879585,0.05257916450500488,0.13289284706115723,0.0914297103881836,0.08582556247711182,0.10400843620300293,0.22360685893467494,0.14565823267073139,0.09957003593444824,0.7132546901702881,0.20619738101959229,0.1366235613822937,0.22007495164871216,0.13036373683384486,0.1354701830964778,0.015674829483032227,0.5803618431091309,0.0,0.0,0.0,9.275147634581247,30,6.86067594040472,nishant,True,nishant_20250318_200530_20250318_200846.json
