mean_hold_time,std_hold_time,min_hold_time,max_hold_time,median_hold_time,hold_time_25th,hold_time_75th,mean_down_down_time,std_down_down_time,min_down_down_time,max_down_down_time,median_down_down_time,down_down_25th,down_down_75th,mean_up_down_time,std_up_down_time,min_up_down_time,max_up_down_time,shift_frequency,backspace_frequency,special_key_frequency,keystrokes_per_second,total_keystrokes,rhythm_consistency,user_id,is_chunk,parent_file
0.08081566492716472,0.019020480327518626,0.04295086860656738,0.1082761287689209,0.08343505859375,0.07200586795806885,0.09383857250213623,0.24908535821097239,0.0687914009564594,0.11948180198669434,0.37161803245544434,0.24159908294677734,0.20183485746383667,0.30486148595809937,0.16708694185529435,0.06908987815852902,0.07653093338012695,0.288715124130249,0.0,0.0,0.0,8.447248801177777,30,14.515599713700377,nishant,True,nishant_20250318_200530_20250318_200846.json
