mean_hold_time,std_hold_time,min_hold_time,max_hold_time,median_hold_time,hold_time_25th,hold_time_75th,mean_down_down_time,std_down_down_time,min_down_down_time,max_down_down_time,median_down_down_time,down_down_25th,down_down_75th,mean_up_down_time,std_up_down_time,min_up_down_time,max_up_down_time,shift_frequency,backspace_frequency,special_key_frequency,keystrokes_per_second,total_keystrokes,rhythm_consistency,user_id
0.0917172378167174,0.022826444937289827,0.012485980987548828,0.1436457633972168,0.09184932708740234,0.07969212532043457,0.10671687126159668,0.23115163499658758,0.09967631613302673,0.09574770927429199,0.7132546901702881,0.21048104763031006,0.17861473560333252,0.2473909854888916,0.142440272100044,0.09553772684657907,0.015674829483032227,0.5803618431091309,0.0,0.0,0.0,7.537601447795627,267,10.02241853333962,nishant
