mean_hold_time,std_hold_time,min_hold_time,max_hold_time,median_hold_time,hold_time_25th,hold_time_75th,mean_down_down_time,std_down_down_time,min_down_down_time,max_down_down_time,median_down_down_time,down_down_25th,down_down_75th,mean_up_down_time,std_up_down_time,min_up_down_time,max_up_down_time,shift_frequency,backspace_frequency,special_key_frequency,keystrokes_per_second,total_keystrokes,rhythm_consistency,user_id,is_chunk,parent_file
0.09671444552285331,0.01752796973097379,0.07099199295043945,0.13512921333312988,0.09767663478851318,0.08100247383117676,0.1076468825340271,0.25071920667375835,0.08551623776667222,0.17571806907653809,0.4710547924041748,0.21773207187652588,0.190670907497406,0.26830852031707764,0.1528889815012614,0.08079826202507095,0.06751894950866699,0.3668098449707031,0.0,0.0,0.0,8.225179173279715,30,11.680027364964047,nishant,True,nishant_20250318_200530_20250318_200846.json
