mean_hold_time,std_hold_time,min_hold_time,max_hold_time,median_hold_time,hold_time_25th,hold_time_75th,mean_down_down_time,std_down_down_time,min_down_down_time,max_down_down_time,median_down_down_time,down_down_25th,down_down_75th,mean_up_down_time,std_up_down_time,min_up_down_time,max_up_down_time,shift_frequency,backspace_frequency,special_key_frequency,keystrokes_per_second,total_keystrokes,rhythm_consistency,user_id,is_chunk,parent_file
0.09136692115238734,0.026891350503497117,0.043334007263183594,0.14332175254821777,0.08831381797790527,0.07895129919052124,0.10626506805419922,0.2259725672858102,0.054655522869305986,0.13175606727600098,0.3320491313934326,0.20998215675354004,0.19193965196609497,0.24922657012939453,0.15335898399353026,0.062041785328708264,0.08946394920349121,0.288715124130249,0.0,0.0,0.0,9.091162754337407,30,18.262997915057163,nishant,True,nishant_20250318_200530_20250318_200846.json
