mean_hold_time,std_hold_time,min_hold_time,max_hold_time,median_hold_time,hold_time_25th,hold_time_75th,mean_down_down_time,std_down_down_time,min_down_down_time,max_down_down_time,median_down_down_time,down_down_25th,down_down_75th,mean_up_down_time,std_up_down_time,min_up_down_time,max_up_down_time,shift_frequency,backspace_frequency,special_key_frequency,keystrokes_per_second,total_keystrokes,rhythm_consistency,user_id,is_chunk,parent_file
0.09200022901807513,0.018029110635384746,0.051545143127441406,0.11649012565612793,0.09624814987182617,0.08227723836898804,0.10721451044082642,0.214546799659729,0.06481462206378474,0.1206820011138916,0.410114049911499,0.20663297176361084,0.18201720714569092,0.23203563690185547,0.1186459223429362,0.058828507376267936,0.03690767288208008,0.3017432689666748,0.0,0.0,0.0,9.779338862950969,30,15.404849758154727,nishant,True,nishant_20250318_200530_20250318_200846.json
