mean_hold_time,std_hold_time,min_hold_time,max_hold_time,median_hold_time,hold_time_25th,hold_time_75th,mean_down_down_time,std_down_down_time,min_down_down_time,max_down_down_time,median_down_down_time,down_down_25th,down_down_75th,mean_up_down_time,std_up_down_time,min_up_down_time,max_up_down_time,shift_frequency,backspace_frequency,special_key_frequency,keystrokes_per_second,total_keystrokes,rhythm_consistency,user_id,is_chunk,parent_file
0.0932643072945731,0.023621094301100713,0.04956388473510742,0.13581490516662598,0.09001648426055908,0.08229941129684448,0.10813790559768677,0.27013349533081055,0.1504301295193585,0.1148219108581543,0.6484746932983398,0.2295212745666504,0.18821609020233154,0.26047003269195557,0.1812911033630371,0.14957097132055108,0.03315877914428711,0.5475730895996094,0.0,0.0,0.0,7.453292354845775,30,6.6431883317512055,nishant,True,nishant_20250318_200530_20250318_200846.json
