mean_hold_time,std_hold_time,min_hold_time,max_hold_time,median_hold_time,hold_time_25th,hold_time_75th,mean_down_down_time,std_down_down_time,min_down_down_time,max_down_down_time,median_down_down_time,down_down_25th,down_down_75th,mean_up_down_time,std_up_down_time,min_up_down_time,max_up_down_time,shift_frequency,backspace_frequency,special_key_frequency,keystrokes_per_second,total_keystrokes,rhythm_consistency,user_id,is_chunk,parent_file
0.09072001775105794,0.02527965224141519,0.0351259708404541,0.12962985038757324,0.09650421142578125,0.0869680643081665,0.10049545764923096,0.23567349570138113,0.0791163116699884,0.16509509086608887,0.48708105087280273,0.21260285377502441,0.20511680841445923,0.21846121549606323,0.1477327517100743,0.07985527208584135,0.06859087944030762,0.400162935256958,0.0,0.0,0.0,8.748756389268497,30,12.623662714390882,nishant,True,nishant_20250318_200530_20250318_200846.json
