mean_hold_time,std_hold_time,min_hold_time,max_hold_time,median_hold_time,hold_time_25th,hold_time_75th,mean_down_down_time,std_down_down_time,min_down_down_time,max_down_down_time,median_down_down_time,down_down_25th,down_down_75th,mean_up_down_time,std_up_down_time,min_up_down_time,max_up_down_time,shift_frequency,backspace_frequency,special_key_frequency,keystrokes_per_second,total_keystrokes,rhythm_consistency,user_id,is_chunk,parent_file
0.1061574901853289,0.026113973852436235,0.07699203491210938,0.16504287719726562,0.09945952892303467,0.08958989381790161,0.11047303676605225,0.5027820042201451,0.17233108863720903,0.2573423385620117,0.964073896408081,0.4899437427520752,0.38963818550109863,0.5474039316177368,0.3957982858022054,0.15981279154608236,0.17385315895080566,0.8515551090240479,0.0,0.0,0.0,4.041395121321391,30,5.7994182366033575,slow,True,slow_20250318_194218_20250318_194409.json
