mean_hold_time,std_hold_time,min_hold_time,max_hold_time,median_hold_time,hold_time_25th,hold_time_75th,mean_down_down_time,std_down_down_time,min_down_down_time,max_down_down_time,median_down_down_time,down_down_25th,down_down_75th,mean_up_down_time,std_up_down_time,min_up_down_time,max_up_down_time,shift_frequency,backspace_frequency,special_key_frequency,keystrokes_per_second,total_keystrokes,rhythm_consistency,user_id,is_chunk,parent_file
0.10007667541503906,0.02302172442028844,0.06347393989562988,0.1473088264465332,0.09984827041625977,0.08535468578338623,0.11166250705718994,0.7106545141765049,0.2101909883393964,0.24724507331848145,1.039250373840332,0.7048053741455078,0.6445604562759399,0.888815701007843,0.6083195550101144,0.2021909572830221,0.18377113342285156,0.9238371849060059,0.0,0.0,0.0,2.994722131253665,30,4.755315517306253,slow,True,slow_20250318_194218_20250318_194409.json
