mean_hold_time,std_hold_time,min_hold_time,max_hold_time,median_hold_time,hold_time_25th,hold_time_75th,mean_down_down_time,std_down_down_time,min_down_down_time,max_down_down_time,median_down_down_time,down_down_25th,down_down_75th,mean_up_down_time,std_up_down_time,min_up_down_time,max_up_down_time,shift_frequency,backspace_frequency,special_key_frequency,keystrokes_per_second,total_keystrokes,rhythm_consistency,user_id,is_chunk,parent_file
0.16431865692138672,0.039960763495095475,0.10465788841247559,0.2528691291809082,0.16002821922302246,0.129999041557312,0.1802520751953125,0.5465881313596453,0.11738602384742819,0.37497997283935547,0.8338041305541992,0.5463939905166626,0.48028314113616943,0.5989501476287842,0.38859450817108154,0.11878560684082168,0.18253612518310547,0.6670310497283936,0.0,0.0,0.0,3.7950169808819743,30,8.51165072450352,slow,True,slow_20250318_194218_20250318_194443.json
