mean_hold_time,std_hold_time,min_hold_time,max_hold_time,median_hold_time,hold_time_25th,hold_time_75th,mean_down_down_time,std_down_down_time,min_down_down_time,max_down_down_time,median_down_down_time,down_down_25th,down_down_75th,mean_up_down_time,std_up_down_time,min_up_down_time,max_up_down_time,shift_frequency,backspace_frequency,special_key_frequency,keystrokes_per_second,total_keystrokes,rhythm_consistency,user_id
0.09892258104288353,0.021023547138726974,0.06347393989562988,0.16504287719726562,0.09586501121520996,0.08749103546142578,0.1072390079498291,0.5824322150303767,0.19290772072816764,0.24724507331848145,1.039250373840332,0.5419406890869141,0.4492954611778259,0.7021821737289429,0.48310421521847063,0.189369690823446,0.17385315895080566,0.9238371849060059,0.0,0.0,0.0,3.490939827087241,106,5.181139885115796,slow
