mean_hold_time,std_hold_time,min_hold_time,max_hold_time,median_hold_time,hold_time_25th,hold_time_75th,mean_down_down_time,std_down_down_time,min_down_down_time,max_down_down_time,median_down_down_time,down_down_25th,down_down_75th,mean_up_down_time,std_up_down_time,min_up_down_time,max_up_down_time,shift_frequency,backspace_frequency,special_key_frequency,keystrokes_per_second,total_keystrokes,rhythm_consistency,user_id,is_chunk,parent_file
0.14702045917510986,0.046713594861083015,0.08502078056335449,0.2528691291809082,0.14697802066802979,0.10675901174545288,0.16623902320861816,0.572545051574707,0.14265295574524095,0.37497997283935547,0.8749001026153564,0.5351548194885254,0.4680420756340027,0.6415185332298279,0.4213520208994547,0.15281386056199478,0.18253612518310547,0.726452112197876,0.0,0.0,0.0,3.5805646626670753,30,7.005108894449898,slow,True,slow_20250318_194218_20250318_194443.json
