mean_hold_time,std_hold_time,min_hold_time,max_hold_time,median_hold_time,hold_time_25th,hold_time_75th,mean_down_down_time,std_down_down_time,min_down_down_time,max_down_down_time,median_down_down_time,down_down_25th,down_down_75th,mean_up_down_time,std_up_down_time,min_up_down_time,max_up_down_time,shift_frequency,backspace_frequency,special_key_frequency,keystrokes_per_second,total_keystrokes,rhythm_consistency,user_id,is_chunk,parent_file
0.09808749811989921,0.012781247981638794,0.07932281494140625,0.12850213050842285,0.09617602825164795,0.09105503559112549,0.10019350051879883,0.5603247029440743,0.16873759376190264,0.33473682403564453,0.9661929607391357,0.5202903747558594,0.4579164385795593,0.5751882791519165,0.46746598879496254,0.1656045767589146,0.21508097648620605,0.8697059154510498,0.0,0.0,0.0,3.577725877690564,30,5.922851526835992,slow,True,slow_20250318_194218_20250318_194409.json
