mean_hold_time,std_hold_time,min_hold_time,max_hold_time,median_hold_time,hold_time_25th,hold_time_75th,mean_down_down_time,std_down_down_time,min_down_down_time,max_down_down_time,median_down_down_time,down_down_25th,down_down_75th,mean_up_down_time,std_up_down_time,min_up_down_time,max_up_down_time,shift_frequency,backspace_frequency,special_key_frequency,keystrokes_per_second,total_keystrokes,rhythm_consistency,user_id,is_chunk,parent_file
0.09561324119567871,0.022036421712898532,0.06347393989562988,0.1473088264465332,0.08985400199890137,0.0844774842262268,0.10544425249099731,0.5699125698634556,0.20317145368604045,0.24724507331848145,1.039250373840332,0.5452340841293335,0.42517685890197754,0.6997492909431458,0.4823013782501221,0.1882370792129777,0.18377113342285156,0.9238371849060059,0.0,0.0,0.0,3.4993151634092605,30,4.919529928410575,slow,True,slow_20250318_194218_20250318_194409.json
