mean_hold_time,std_hold_time,min_hold_time,max_hold_time,median_hold_time,hold_time_25th,hold_time_75th,mean_down_down_time,std_down_down_time,min_down_down_time,max_down_down_time,median_down_down_time,down_down_25th,down_down_75th,mean_up_down_time,std_up_down_time,min_up_down_time,max_up_down_time,shift_frequency,backspace_frequency,special_key_frequency,keystrokes_per_second,total_keystrokes,rhythm_consistency,user_id
0.14732701503313506,0.048362626323086036,0.07862973213195801,0.2528691291809082,0.13459396362304688,0.10784035921096802,0.1742931604385376,0.5934046483507344,0.13263279824967994,0.31429100036621094,1.0667479038238525,0.5665059089660645,0.5140694379806519,0.6570093631744385,0.4460056903315525,0.15218495596912243,0.18253612518310547,0.9881181716918945,0.0,0.0,0.0,3.4202318897120083,104,7.533932932830424,slow
