mean_hold_time,std_hold_time,min_hold_time,max_hold_time,median_hold_time,hold_time_25th,hold_time_75th,mean_down_down_time,std_down_down_time,min_down_down_time,max_down_down_time,median_down_down_time,down_down_25th,down_down_75th,mean_up_down_time,std_up_down_time,min_up_down_time,max_up_down_time,shift_frequency,backspace_frequency,special_key_frequency,keystrokes_per_second,total_keystrokes,rhythm_consistency,user_id,is_chunk,parent_file
0.1564864260809762,0.041857301642768185,0.08467626571655273,0.22837138175964355,0.14999747276306152,0.12791335582733154,0.16819727420806885,0.6142542362213135,0.0913721830618164,0.38746118545532227,0.7690999507904053,0.6336555480957031,0.5771362781524658,0.6676543354988098,0.4628762722015381,0.08600460143376888,0.2554891109466553,0.6008570194244385,0.0,0.0,0.0,3.2844483168879197,30,10.932285275450413,slow,True,slow_20250318_194218_20250318_194443.json
