mean_hold_time,std_hold_time,min_hold_time,max_hold_time,median_hold_time,hold_time_25th,hold_time_75th,mean_down_down_time,std_down_down_time,min_down_down_time,max_down_down_time,median_down_down_time,down_down_25th,down_down_75th,mean_up_down_time,std_up_down_time,min_up_down_time,max_up_down_time,shift_frequency,backspace_frequency,special_key_frequency,keystrokes_per_second,total_keystrokes,rhythm_consistency,user_id,is_chunk,parent_file
0.13694911003112792,0.03976976000013196,0.08502078056335449,0.2209010124206543,0.1325211524963379,0.10729968547821045,0.15022695064544678,0.6148679426738194,0.11525889552972972,0.4604060649871826,0.8749001026153564,0.5653148889541626,0.5485296845436096,0.6984227895736694,0.4789943184171404,0.12551662042502293,0.33360910415649414,0.726452112197876,0.0,0.0,0.0,3.4245961150117132,30,8.668598944259873,slow,True,slow_20250318_194218_20250318_194443.json
