mean_hold_time,std_hold_time,min_hold_time,max_hold_time,median_hold_time,hold_time_25th,hold_time_75th,mean_down_down_time,std_down_down_time,min_down_down_time,max_down_down_time,median_down_down_time,down_down_25th,down_down_75th,mean_up_down_time,std_up_down_time,min_up_down_time,max_up_down_time,shift_frequency,backspace_frequency,special_key_frequency,keystrokes_per_second,total_keystrokes,rhythm_consistency,user_id,is_chunk,parent_file
0.12343174616495768,0.04674637488039565,0.07862973213195801,0.22812700271606445,0.099822998046875,0.09074699878692627,0.14000439643859863,0.6826325825282505,0.12652594904140257,0.5622200965881348,1.0667479038238525,0.6447376012802124,0.5868638753890991,0.7270942330360413,0.5666790689740863,0.1336460226067057,0.449962854385376,0.9881181716918945,0.0,0.0,0.0,3.0659224972840704,30,7.8972754602852575,slow,True,slow_20250318_194218_20250318_194443.json
