mean_hold_time,std_hold_time,min_hold_time,max_hold_time,median_hold_time,hold_time_25th,hold_time_75th,mean_down_down_time,std_down_down_time,min_down_down_time,max_down_down_time,median_down_down_time,down_down_25th,down_down_75th,mean_up_down_time,std_up_down_time,min_up_down_time,max_up_down_time,shift_frequency,backspace_frequency,special_key_frequency,keystrokes_per_second,total_keystrokes,rhythm_consistency,user_id,is_chunk,parent_file
0.10475794474283855,0.020520150843410048,0.07699203491210938,0.1605358123779297,0.09907698631286621,0.09222567081451416,0.11608731746673584,0.5755805798939296,0.21094719436362327,0.32909584045410156,0.9661929607391357,0.5308115482330322,0.44777822494506836,0.6326547861099243,0.4748067685535976,0.21041633395150272,0.21508097648620605,0.8697059154510498,0.0,0.0,0.0,3.65022834030647,30,4.738276682688576,slow,True,slow_20250318_194218_20250318_194409.json
