mean_hold_time,std_hold_time,min_hold_time,max_hold_time,median_hold_time,hold_time_25th,hold_time_75th,mean_down_down_time,std_down_down_time,min_down_down_time,max_down_down_time,median_down_down_time,down_down_25th,down_down_75th,mean_up_down_time,std_up_down_time,min_up_down_time,max_up_down_time,shift_frequency,backspace_frequency,special_key_frequency,keystrokes_per_second,total_keystrokes,rhythm_consistency,user_id,is_chunk,parent_file
0.08953105608622233,0.008564771506013341,0.0716409683227539,0.10023093223571777,0.08870077133178711,0.08548200130462646,0.09735298156738281,0.5298397200448173,0.11328695127196707,0.3958721160888672,0.808847188949585,0.4940776824951172,0.453965425491333,0.5818450450897217,0.4409736565181187,0.11590614278612363,0.29581212997436523,0.7206871509552002,0.0,0.0,0.0,3.991167794428712,30,8.819356978753449,slow,True,slow_20250318_194218_20250318_194409.json
